instancia;capacidade_carga;capacidade_energia;fo(best);media_d;distancia(best);caminho(best);demanda_rotas(melhor);violacao_demanda(melhor);N_recargas(melhor);energia_gasta_rotas(melhor);N_violacao_energia(melhor)
E-n29-k4-s7.evrp;6000;99.0;16207.675429174815;478.2838787391317;405.19188572937037;[[1, 21, 19, 16, 13, 26, 26, 1], [1, 17, 12, 5, 4, 25, 25, 7, 9, 1], [1, 11, 27, 2, 3, 6, 8, 10, 1], [1, 15, 18, 22, 20, 14, 1]];[4900, 6000, 5800, 5800];[0, 0, 0, 0];[2, 2, 1, 0];[90.45431849767614, 112.78764192837139, 113.00631544673404, 88.94360985658894];[0, 0, 0, 0]
E-n30-k3-s7.evrp;4500;162.0;23016.26333222201;636.0528160646584;570.7143950743251;[[1, 14, 11, 1], [1, 8, 22, 5, 6, 9, 25, 10, 12, 13, 1], [1, 7, 2, 3, 4, 17, 16, 30, 30, 30, 15, 18, 23, 21, 20, 19, 1]];[4350, 3100, 2739];[0, 0, 0];[0, 1, 3];[67.93750410544314, 218.44637879369995, 284.3305121751822];[0, 0, 6.256250974966804]
E-n35-k3-s5.evrp;4500;138.0;23507.071533680704;666.6127682624139;587.6767883420176;[[1, 33, 33, 22, 15, 9, 10, 18, 31, 8, 14, 17, 16, 24, 1], [1, 3, 6, 5, 35, 2, 25, 28, 29, 1], [1, 19, 13, 12, 11, 27, 34, 30, 26, 7, 4, 23, 21, 20, 1]];[3800, 4450, 4500];[0, 0, 0];[3, 1, 1];[166.66477851757216, 201.37645962303438, 219.63555020141098];[0, 0, 0]
E-n37-k4-s4.evrp;8000;238.0;35397.41553846092;936.2033952357724;884.935388461523;[[1, 5, 11, 19, 20, 22, 21, 23, 24, 25, 26, 36, 14, 1], [1, 4, 3, 13, 12, 33, 9, 10, 8, 7, 6, 37, 1], [1, 32, 2, 15, 28, 17, 29, 34, 34, 30, 1], [1, 31, 27, 18, 16, 1]];[7900, 7170, 6800, 7500];[0, 0, 0, 0];[1, 1, 2, 0];[294.9479212041427, 146.72344811139217, 252.02256368928363, 191.24145545670433];[0, 0, 0, 0]
E-n60-k5-s9.evrp;160;88.0;24744.034237501844;678.4477782209572;618.6008559375462;[[1, 2, 32, 29, 17, 59, 51, 10, 50, 11, 58, 40, 34, 46, 16, 38, 18, 1], [1, 47, 13, 48, 5, 26, 15, 7, 28, 1], [1, 12, 39, 31, 35, 22, 30, 21, 60, 4, 23, 33, 1], [1, 3, 36, 37, 56, 56, 56, 9, 27, 8, 44, 25, 24, 49, 1], [1, 6, 57, 57, 45, 43, 20, 41, 42, 14, 53, 53, 19, 1]];[160, 147, 157, 156, 157];[0, 0, 0, 0, 0];[2, 0, 1, 3, 4];[159.03218252780596, 74.56333099478331, 114.04234305887353, 156.72429510388426, 114.23870425219899];[0, 0, 0, 0, 0]
F-n49-k4-s4.evrp;2010;260.0;31118.99361621103;900.7903327353742;777.9748404052758;[[1, 31, 42, 48, 30, 28, 7, 6, 8, 36, 4, 5, 37, 39, 38, 10, 25, 1], [1, 9, 20, 23, 24, 27, 26, 1], [1, 43, 40, 41, 35, 32, 33, 34, 49, 29, 45, 44, 1], [1, 16, 2, 3, 17, 47, 15, 14, 13, 12, 19, 18, 11, 21, 22, 1]];[1752, 1811, 1824, 1833];[0, 0, 0, 0];[1, 0, 1, 1];[196.21618923245148, 145.3965807626329, 285.33990608847046, 151.02216432172096];[0, 0, 0, 0]
E-n89-k7-s13.evrp;220;87.0;35019.05962154845;1134.6646471049685;869.4764905387112;[[1, 13, 41, 10, 32, 83, 39, 8, 48, 22, 82, 29, 1], [1, 5, 53, 88, 58, 16, 38, 21, 71, 61, 72, 37, 70, 62, 82, 63, 3, 1], [1, 74, 2, 44, 42, 43, 79, 79, 65, 23, 75, 84, 84, 84, 46, 28, 14, 55, 20, 9, 85, 1], [1, 36, 54, 15, 60, 12, 67, 66, 83, 83, 26, 56, 19, 51, 1], [1, 18, 4, 25, 50, 77, 57, 24, 64, 17, 34, 7, 69, 76, 1], [1, 30, 6, 49, 31, 81, 52, 45, 33, 40, 73, 11, 59, 27, 1], [1, 35, 47, 68, 1]];[218, 213, 215, 226, 201, 215, 76];[0, 0, 0, 6, 0, 0, 0];[2, 2, 6, 2, 1, 1, 0];[157.02797046122487, 136.16834144389594, 151.6976621900234, 164.74689927388988, 107.35944620796533, 128.8549381770774, 23.621232784634294];[0, 0, 0, 0, 0, 0, 0]
E-n112-k8-s11.evrp;200;100.0;44774.43911732869;1600.4269285216346;1119.3609779332173;[[1, 90, 97, 99, 92, 17, 87, 62, 100, 7, 106, 77, 80, 4, 78, 29, 1], [1, 27, 22, 73, 55, 112, 112, 79, 34, 52, 89, 49, 48, 102, 102, 9, 84, 19, 1], [1, 41, 74, 75, 76, 24, 68, 111, 111, 5, 81, 35, 36, 72, 110, 21, 31, 70, 1], [1, 109, 13, 69, 2, 71, 63, 12, 105, 65, 50, 37, 20, 8, 53, 1], [1, 28, 32, 11, 64, 91, 33, 67, 66, 110, 10, 82, 51, 1], [1, 42, 23, 57, 40, 26, 56, 25, 30, 112, 83, 102, 47, 46, 18, 45, 39, 15, 104, 104, 101, 38, 106, 1], [1, 54, 59, 3, 107, 107, 58, 16, 44, 43, 93, 60, 94, 86, 85, 6, 61, 1], [1, 95, 96, 98, 88, 14, 1]];[195, 199, 196, 176, 195, 194, 195, 108];[0, 0, 0, 0, 0, 0, 0, 0];[1, 4, 3, 2, 1, 5, 2, 0];[128.23742168033152, 166.67951119985128, 166.9988560505858, 149.67444241323247, 125.306626378976, 236.89778177809694, 104.65937572928374, 40.90696270285943];[0, 0, 0, 0, 0, 0, 0, 0]
M-n110-k10-s9.evrp;200;118.0;52747.03621819003;2088.2390607191214;1308.6759054547506;[[1, 69, 107, 107, 107, 41, 45, 46, 52, 32, 33, 34, 35, 102, 30, 28, 22, 1], [1, 87, 84, 85, 86, 89, 109, 109, 93, 95, 99, 108, 2, 5, 4, 76, 1], [1, 11, 10, 7, 100, 97, 96, 109, 77, 72, 71, 74, 56, 106, 106, 49, 51, 53, 1], [1, 105, 14, 16, 18, 24, 23, 50, 47, 43, 42, 68, 1], [1, 91, 88, 63, 65, 106, 60, 59, 61, 36, 38, 37, 31, 29, 27, 1], [1, 64, 75, 67, 70, 44, 48, 103, 25, 26, 21, 1], [1, 92, 90, 83, 82, 80, 110, 54, 57, 55, 58, 1], [1, 39, 40, 19, 20, 17, 15, 13, 104, 104, 12, 9, 8, 1], [1, 6, 3, 101, 98, 94, 79, 78, 110, 81, 73, 62, 66, 1], [1, 1]];[200, 200, 200, 200, 200, 200, 210, 200, 200, 0];[0, 0, 0, 0, 0, 0, 10, 0, 0, 0];[4, 3, 3, 1, 1, 1, 1, 2, 1, 0];[103.32128480787837, 119.27792213137054, 216.4700199986181, 119.2365978843097, 180.09042593443647, 76.1823659603088, 174.24289800066134, 138.49369948165693, 181.36069125551006, 0.0];[0, 0, 0, 0, 0, 0, 0, 0, 0, 0]
M-n126-k7-s5.evrp;200;199.0;66074.30079650925;2117.8383683565867;1651.8575199127315;[[1, 96, 92, 19, 119, 109, 125, 42, 49, 46, 66, 62, 63, 65, 57, 81, 80, 79, 72, 68, 108, 1], [1, 89, 112, 8, 14, 17, 23, 26, 29, 36, 33, 47, 50, 51, 52, 126, 126, 60, 58, 56, 54, 104, 105, 1], [1, 121, 70, 71, 77, 78, 69, 125, 27, 24, 21, 22, 114, 118, 85, 113, 83, 120, 1], [1, 111, 53, 55, 59, 61, 64, 67, 48, 45, 125, 125, 18, 9, 15, 12, 7, 84, 86, 87, 1], [1, 95, 98, 116, 110, 125, 30, 37, 35, 32, 31, 34, 28, 25, 20, 13, 16, 2, 3, 82, 1], [1, 106, 107, 73, 76, 75, 74, 10, 11, 5, 4, 6, 115, 94, 97, 88, 1], [1, 93, 90, 91, 38, 39, 40, 43, 44, 41, 99, 117, 101, 100, 102, 103, 1]];[197, 200, 196, 198, 199, 187, 198];[0, 0, 0, 0, 0, 0, 0];[1, 2, 1, 2, 1, 0, 0];[258.46430577551143, 270.1669444144379, 251.88354377079364, 278.2126087907465, 220.4244767415873, 198.15869147791764, 174.54694894173642];[0, 0, 0, 0, 0, 0, 0]
M-n163-k12-s12.evrp;200;100.0;61951.28689572638;2538.667919309453;1537.7821723931595;[[1, 93, 92, 120, 153, 142, 6, 61, 19, 49, 124, 104, 161, 72, 10, 112, 1], [1, 11, 109, 127, 64, 33, 132, 161, 36, 136, 35, 79, 130, 22, 134, 23, 54, 1], [1, 7, 119, 84, 115, 9, 125, 48, 152, 144, 65, 156, 91, 123, 52, 34, 51, 28, 1], [1, 95, 60, 98, 88, 138, 41, 106, 13, 151, 160, 160, 117, 78, 77, 1], [1, 5, 140, 163, 68, 24, 42, 16, 44, 143, 43, 38, 154, 154, 47, 37, 50, 8, 107, 53, 1], [1, 70, 21, 67, 129, 31, 71, 157, 32, 128, 147, 14, 145, 116, 3, 59, 1], [1, 148, 126, 46, 18, 114, 62, 86, 94, 99, 96, 1], [1, 161, 66, 137, 121, 122, 30, 25, 135, 56, 26, 163, 163, 40, 57, 76, 75, 118, 97, 90, 1], [1, 110, 55, 131, 111, 73, 74, 146, 158, 158, 158, 58, 15, 39, 141, 87, 105, 100, 1], [1, 101, 45, 153, 17, 85, 83, 20, 108, 12, 63, 149, 89, 157, 157, 102, 2, 133, 1], [1, 103, 82, 162, 80, 4, 69, 81, 150, 27, 139, 29, 1], [1, 113, 1]];[198, 204, 203, 203, 198, 201, 200, 200, 200, 199, 200, 29];[0, 4, 3, 3, 0, 1, 0, 0, 0, 0, 0, 0];[2, 1, 2, 2, 3, 1, 0, 3, 3, 3, 1, 0];[167.93089257233333, 162.43611233223606, 146.80869401436675, 91.67420906198225, 208.2022306728655, 132.70930306237727, 82.58441144981688, 185.3216764834849, 140.69523523978754, 132.16478394345683, 77.25462356045067, 10.0];[0, 0, 0, 0, 0, 0, 0, 0, 0, 0, 0, 0]
M-n212-k16-s12.evrp;200;100.0;93179.90545328893;3448.6196678438037;2303.3622337472143;[[1, 107, 8, 115, 201, 200, 84, 119, 100, 97, 148, 113, 157, 1], [1, 112, 123, 208, 33, 91, 65, 20, 124, 83, 9, 85, 203, 17, 92, 101, 60, 7, 1], [1, 86, 203, 62, 126, 195, 32, 205, 52, 210, 137, 36, 136, 79, 130, 197, 1], [1, 149, 63, 55, 212, 56, 26, 171, 40, 24, 179, 38, 203, 203, 174, 18, 61, 19, 1], [1, 27, 117, 77, 177, 71, 132, 182, 64, 11, 205, 53, 90, 184, 96, 1], [1, 170, 35, 210, 162, 183, 49, 46, 142, 141, 39, 204, 1], [1, 29, 51, 103, 158, 82, 104, 129, 161, 31, 102, 133, 1], [1, 167, 6, 114, 87, 45, 204, 44, 42, 23, 140, 131, 81, 151, 1], [1, 181, 199, 198, 134, 74, 153, 14, 93, 99, 94, 95, 1], [1, 191, 128, 118, 88, 73, 5, 212, 178, 110, 139, 155, 1], [1, 69, 164, 135, 212, 180, 111, 172, 146, 16, 143, 15, 194, 138, 1], [1, 76, 211, 211, 68, 188, 80, 10, 21, 208, 109, 160, 176, 202, 169, 154, 147, 1], [1, 57, 187, 75, 116, 206, 145, 98, 152, 175, 47, 125, 48, 37, 144, 50, 202, 190, 1], [1, 28, 70, 205, 205, 163, 2, 4, 159, 30, 122, 78, 185, 13, 196, 150, 54, 1], [1, 34, 210, 72, 66, 67, 189, 89, 105, 203, 192, 120, 193, 43, 173, 58, 3, 59, 207, 1], [1, 106, 41, 22, 156, 166, 25, 209, 209, 186, 165, 121, 127, 12, 108, 168, 1]];[191, 195, 203, 204, 201, 196, 196, 200, 203, 194, 198, 200, 209, 199, 197, 200];[0, 0, 3, 4, 1, 0, 0, 0, 3, 0, 0, 0, 9, 0, 0, 0];[1, 2, 3, 3, 1, 2, 0, 1, 0, 1, 1, 4, 2, 2, 3, 2];[70.89843113169367, 162.01585672798888, 158.13728154890978, 194.93412663975832, 139.5451306669967, 192.00395671704567, 83.7501617107707, 147.00817815759677, 92.69896633656253, 111.15216364402598, 129.44026520093723, 202.09812597249098, 179.0299560529744, 96.05518536211014, 186.02912512760875, 158.5653227497447];[0, 0, 0, 0, 0, 8.180536780011721, 0, 0, 0, 0, 0, 0, 0, 0, 0, 0]
F-n80-k4-s8.evrp;30000;53.0;12457.888201516591;367.93534788899734;311.4472050379148;[[1, 10, 8, 5, 9, 4, 6, 11, 76, 7, 72, 74, 37, 32, 33, 35, 62, 59, 60, 57, 42, 26, 79, 79, 23, 22, 31, 30, 21, 1], [1, 15, 3, 18, 17, 13, 14, 2, 12, 1], [1, 36, 34, 61, 75, 58, 40, 52, 50, 48, 27, 24, 1], [1, 19, 16, 20, 65, 63, 64, 66, 67, 68, 69, 73, 70, 38, 39, 41, 71, 51, 49, 78, 53, 46, 54, 47, 45, 44, 43, 28, 29, 25, 56, 55, 77, 1]];[29219, 29918, 27070, 28633];[0, 0, 0, 0];[4, 0, 1, 3];[102.20815486893221, 38.50602654821281, 58.98519930463696, 111.74782431613268];[0, 0, 0, 0]
X-n147-k7-s4.evrp;1190;2762.0;824121.2649037656;30198.381911626806;20599.031622594142;[[1, 121, 57, 84, 56, 147, 147, 147, 113, 27, 76, 95, 114, 11, 35, 122, 99, 80, 61, 112, 2, 108, 6, 87, 3, 18, 117, 137, 127, 1], [1, 55, 46, 12, 101, 63, 147, 23, 120, 81, 40, 30, 43, 104, 47, 68, 59, 21, 53, 100, 74, 52, 89, 72, 131, 1], [1, 14, 110, 10, 51, 50, 86, 66, 90, 13, 129, 69, 1], [1, 144, 71, 41, 60, 136, 102, 67, 107, 28, 147, 78, 142, 64, 4, 77, 130, 106, 139, 32, 7, 73, 9, 79, 1], [1, 119, 62, 65, 45, 75, 82, 34, 126, 147, 140, 96, 58, 25, 109, 93, 135, 103, 54, 111, 115, 44, 42, 94, 116, 1], [1, 5, 125, 49, 88, 31, 118, 39, 16, 141, 132, 70, 123, 38, 15, 83, 138, 143, 134, 146, 19, 91, 26, 85, 1], [1, 128, 37, 17, 33, 8, 20, 29, 48, 97, 105, 133, 24, 22, 124, 92, 36, 98, 1]];[1166, 1184, 680, 1124, 1194, 1140, 987];[0, 0, 0, 0, 4, 0, 0];[3, 1, 0, 2, 1, 1, 0];[2985.4979536241435, 3746.095190983897, 1493.345794463211, 3216.144489768791, 3635.67451933736, 3208.2961863772766, 2313.9774880394584];[0, 0, 0, 0, 0, 0, 0]
X-n360-k40-s9.evrp;436;1236.0;2031422.8972583404;64456.77002182411;49796.80400722599;[[1, 277, 119, 53, 354, 106, 132, 110, 131, 259, 37, 230, 218, 150, 357, 179, 32, 1], [1, 80, 134, 123, 233, 292, 17, 215, 47, 1], [1, 358, 50, 327, 306, 257, 103, 167, 67, 1], [1, 237, 358, 313, 25, 322, 45, 356, 354, 170, 300, 31, 1], [1, 34, 245, 118, 191, 359, 238, 56, 344, 189, 309, 1], [1, 92, 293, 357, 213, 333, 197, 156, 154, 1], [1, 235, 321, 79, 30, 349, 74, 357, 43, 224, 266, 58, 217, 63, 1], [1, 144, 283, 317, 148, 330, 190, 95, 1], [1, 9, 73, 100, 342, 359, 65, 263, 340, 284, 1], [1, 239, 359, 359, 161, 258, 76, 107, 291, 323, 1], [1, 160, 318, 68, 41, 174, 346, 13, 357, 121, 1], [1, 356, 356, 295, 207, 87, 304, 20, 282, 219, 35, 1], [1, 62, 326, 149, 105, 250, 287, 301, 187, 345, 354, 1], [1, 90, 82, 84, 66, 89, 286, 199, 1], [1, 22, 355, 10, 315, 308, 46, 85, 336, 4, 5, 1], [1, 200, 55, 285, 19, 252, 203, 1], [1, 290, 216, 61, 261, 194, 169, 1], [1, 302, 358, 11, 185, 264, 64, 227, 136, 357, 165, 265, 355, 1], [1, 297, 6, 288, 229, 27, 175, 358, 236, 135, 1], [1, 254, 198, 124, 352, 243, 142, 272, 125, 94, 1], [1, 33, 192, 168, 209, 71, 102, 109, 355, 311, 72, 1], [1, 75, 24, 334, 281, 120, 164, 360, 42, 108, 206, 280, 303, 1], [1, 171, 339, 91, 358, 358, 221, 271, 244, 111, 137, 146, 139, 225, 1], [1, 348, 337, 226, 186, 115, 356, 210, 152, 251, 1], [1, 351, 343, 269, 228, 173, 117, 1], [1, 316, 276, 86, 231, 36, 274, 232, 234, 26, 96, 1], [1, 193, 172, 81, 299, 204, 23, 93, 357, 355, 255, 312, 51, 220, 39, 1], [1, 324, 88, 262, 268, 44, 294, 163, 195, 162, 183, 18, 122, 1], [1, 214, 249, 129, 360, 16, 130, 153, 29, 267, 141, 1], [1, 54, 310, 332, 3, 83, 78, 157, 1], [1, 260, 112, 205, 40, 14, 60, 357, 70, 28, 104, 305, 325, 1], [1, 15, 176, 48, 223, 208, 247, 253, 356, 1], [1, 180, 158, 126, 182, 128, 113, 1], [1, 151, 196, 273, 159, 145, 360, 184, 7, 1], [1, 279, 99, 177, 181, 166, 289, 143, 329, 335, 355, 1], [1, 52, 347, 202, 2, 298, 307, 201, 355, 338, 212, 127, 241, 1], [1, 275, 8, 116, 350, 98, 188, 248, 21, 1], [1, 278, 240, 77, 49, 140, 242, 354, 296, 319, 133, 1], [1, 178, 57, 341, 59, 352, 12, 328, 222, 314, 320, 1], [1, 114, 138, 354, 147, 246, 270, 69, 97, 101, 38, 155, 211, 358, 331, 256, 1]];[455, 448, 440, 350, 551, 413, 477, 410, 342, 450, 455, 324, 454, 387, 464, 315, 353, 388, 447, 376, 481, 381, 491, 386, 353, 455, 431, 473, 430, 477, 456, 401, 403, 402, 480, 403, 444, 453, 518, 700];[19, 12, 4, 0, 115, 0, 41, 0, 0, 14, 19, 0, 18, 0, 28, 0, 0, 0, 11, 0, 45, 0, 55, 0, 0, 19, 0, 37, 0, 41, 20, 0, 0, 0, 44, 0, 8, 17, 82, 264];[2, 0, 1, 3, 1, 1, 1, 0, 1, 2, 1, 2, 1, 0, 1, 0, 0, 3, 1, 1, 1, 1, 2, 1, 0, 0, 2, 0, 1, 0, 1, 1, 0, 1, 1, 1, 0, 1, 1, 2];[1704.9836959307368, 600.7373796496572, 1102.975413297189, 1617.2021803102768, 1527.5318085909155, 1231.4040575646977, 1416.7446640070102, 1213.4611319343828, 1171.2656778356306, 1411.7061458292649, 1204.2988596233354, 763.0799038131452, 978.1031605445164, 560.4518733816205, 1828.5253292319294, 1090.8483429443506, 682.7231506290576, 1531.6159114564698, 798.1140219206322, 1600.3340808855046, 1773.8640199798776, 1494.6780636436713, 1663.1860766972054, 1562.2948044043267, 842.6279370549162, 1219.427481830861, 1617.8678104258709, 1207.30807691409, 1194.8105293043247, 819.3304625065041, 1686.494910746585, 860.5394388435853, 536.512311572606, 1169.948352078043, 1403.531718443977, 1563.7082173126662, 981.755720226803, 1021.2220175633263, 1345.2896381619296, 1796.2996301345465];[0, 0, 0, 0, 0, 0, 0, 0, 0, 0, 0, 0, 0, 0, 18.694577576336087, 0, 0, 0, 0, 0, 0, 0, 82.32998806702153, 0, 0, 0, 0, 0, 0, 0, 0, 0, 0, 0, 0, 0, 0, 0, 0, 0]
X-n469-k26-s10.evrp;1106;1230.0;2347595.511365648;64462.11977798302;58221.17749332433;[[1, 62, 439, 320, 4, 130, 195, 270, 462, 167, 343, 37, 220, 438, 468, 452, 316, 298, 221, 229, 176, 75, 115, 420, 237, 1], [1, 366, 279, 256, 421, 334, 331, 358, 323, 158, 468, 416, 370, 157, 341, 207, 168, 66, 401, 1], [1, 380, 390, 185, 216, 173, 233, 38, 12, 192, 469, 204, 417, 79, 442, 152, 346, 462, 162, 423, 409, 1], [1, 349, 333, 69, 245, 171, 272, 464, 406, 107, 163, 435, 414, 91, 63, 160, 291, 212, 362, 465, 1], [1, 29, 424, 52, 22, 240, 16, 468, 186, 121, 104, 189, 30, 56, 264, 275, 443, 203, 7, 248, 462, 1], [1, 244, 14, 379, 308, 27, 138, 49, 280, 211, 469, 447, 411, 243, 271, 133, 53, 135, 321, 226, 1], [1, 43, 139, 381, 464, 382, 391, 309, 444, 258, 304, 13, 126, 467, 25, 41, 61, 147, 1], [1, 328, 317, 303, 71, 110, 179, 322, 342, 468, 148, 166, 223, 154, 376, 397, 174, 199, 326, 1], [1, 335, 122, 399, 187, 418, 348, 293, 339, 3, 327, 361, 469, 18, 266, 287, 2, 68, 190, 1], [1, 254, 28, 83, 262, 44, 468, 453, 259, 246, 337, 182, 250, 194, 460, 112, 306, 1], [1, 332, 141, 389, 113, 296, 241, 196, 377, 469, 95, 367, 396, 228, 47, 184, 295, 235, 24, 252, 429, 372, 257, 1], [1, 19, 445, 36, 165, 359, 454, 145, 177, 410, 469, 129, 255, 111, 357, 146, 57, 300, 267, 77, 463, 276, 340, 234, 1], [1, 208, 181, 39, 294, 20, 468, 269, 119, 205, 345, 214, 273, 363, 116, 465, 180, 1], [1, 398, 202, 437, 450, 161, 464, 45, 144, 215, 191, 172, 102, 74, 76, 98, 124, 9, 465, 88, 1], [1, 434, 193, 213, 132, 407, 106, 455, 231, 468, 386, 136, 392, 67, 42, 289, 78, 446, 100, 1], [1, 183, 54, 307, 114, 371, 286, 236, 34, 468, 278, 284, 5, 155, 301, 142, 108, 118, 460, 169, 1], [1, 400, 324, 319, 469, 218, 200, 210, 128, 15, 347, 117, 35, 463, 373, 81, 285, 6, 123, 40, 10, 1], [1, 33, 32, 99, 277, 464, 412, 96, 318, 26, 84, 242, 463, 197, 369, 90, 105, 310, 46, 297, 51, 1], [1, 356, 159, 364, 383, 393, 265, 464, 433, 344, 86, 419, 247, 415, 97, 175, 465, 449, 1], [1, 394, 72, 403, 143, 274, 249, 468, 365, 58, 164, 360, 224, 425, 178, 459, 59, 137, 1], [1, 387, 85, 156, 188, 225, 468, 290, 441, 384, 312, 23, 378, 440, 350, 388, 109, 251, 467, 283, 239, 1], [1, 404, 353, 385, 426, 375, 260, 466, 430, 55, 354, 405, 89, 330, 456, 352, 292, 468, 21, 288, 351, 140, 103, 73, 11, 92, 1], [1, 305, 120, 315, 458, 206, 468, 329, 153, 150, 209, 60, 457, 17, 374, 82, 402, 299, 1], [1, 232, 134, 87, 431, 238, 222, 314, 464, 253, 230, 413, 50, 151, 219, 70, 338, 465, 282, 31, 170, 80, 1], [1, 93, 198, 268, 125, 64, 408, 432, 467, 336, 368, 427, 313, 464, 355, 422, 149, 131, 8, 1], [1, 101, 227, 302, 448, 451, 428, 94, 465, 281, 48, 261, 311, 263, 201, 127, 460, 217, 65, 436, 395, 325, 1]];[1154, 1136, 1170, 1113, 1100, 1138, 967, 1102, 1127, 845, 1042, 1242, 1096, 1147, 1065, 1101, 1093, 1099, 1049, 1087, 1094, 1081, 1048, 1138, 1051, 1150];[48, 30, 64, 7, 0, 32, 0, 0, 21, 0, 0, 136, 0, 41, 0, 0, 0, 0, 0, 0, 0, 0, 0, 32, 0, 44];[2, 1, 2, 2, 2, 1, 2, 1, 1, 2, 1, 2, 2, 2, 1, 2, 2, 2, 2, 1, 2, 2, 1, 2, 2, 2];[2815.1934539898684, 2155.5382338412296, 2832.509522288023, 2027.4054799928433, 2052.9426566161746, 1910.7577964099814, 1779.7463357092417, 2076.852398968745, 1824.9418178373885, 2130.376777575721, 1971.149210070821, 2167.5610388593655, 1709.9894139132155, 2352.5959933038985, 2182.432489461726, 2601.594809299772, 2185.496740981658, 2231.6286612416507, 2187.377483642058, 1757.4818129401244, 2547.554516730421, 2951.708399041075, 1802.8369452889904, 2363.2431846175455, 2669.3034478802865, 2932.9588728224894];[0, 0, 0, 0, 0.5136738590340428, 0, 0, 0, 0, 0, 0, 0, 0, 0, 0, 8.668200887906096, 0, 0, 9.098513008879308, 0, 0, 0, 0, 0, 0, 0]
X-n577-k30-s4.evrp;210;2191.0;2881337.800961384;80367.34501384174;71674.4450240346;[[1, 127, 519, 384, 224, 212, 181, 268, 257, 161, 361, 496, 356, 144, 113, 211, 143, 116, 394, 129, 488, 466, 577, 198, 45, 194, 227, 89, 85, 530, 228, 560, 508, 532, 337, 339, 277, 438, 1], [1, 570, 126, 301, 512, 495, 372, 95, 80, 237, 539, 321, 447, 213, 565, 286, 90, 11, 76, 577, 201, 159, 165, 94, 50, 480, 343, 178, 504, 459, 273, 74, 331, 340, 415, 1], [1, 78, 101, 188, 142, 218, 391, 189, 21, 97, 482, 172, 87, 256, 271, 25, 571, 49, 575, 1], [1, 324, 408, 202, 514, 479, 451, 335, 20, 167, 59, 88, 166, 56, 577, 176, 292, 272, 266, 96, 287, 333, 299, 270, 515, 137, 403, 527, 1], [1, 208, 255, 470, 259, 477, 267, 138, 238, 475, 471, 83, 307, 468, 260, 36, 369, 58, 158, 134, 423, 476, 563, 308, 313, 278, 341, 577, 558, 516, 342, 351, 312, 450, 304, 140, 1], [1, 48, 67, 108, 544, 550, 393, 72, 401, 156, 63, 231, 323, 457, 106, 546, 492, 568, 184, 22, 577, 112, 269, 545, 399, 177, 534, 51, 1], [1, 517, 306, 288, 13, 109, 163, 23, 204, 491, 242, 115, 185, 417, 220, 490, 123, 300, 493, 462, 424, 366, 536, 575, 1], [1, 419, 150, 365, 553, 124, 173, 114, 463, 263, 234, 4, 79, 402, 81, 577, 426, 133, 93, 174, 346, 291, 12, 1], [1, 151, 154, 247, 191, 433, 353, 149, 19, 190, 428, 473, 285, 441, 141, 205, 556, 535, 282, 577, 513, 65, 303, 328, 436, 1], [1, 251, 193, 33, 317, 1], [1, 575, 528, 168, 264, 329, 157, 389, 448, 478, 375, 102, 395, 407, 192, 564, 386, 494, 334, 60, 377, 250, 35, 318, 86, 187, 1], [1, 254, 464, 160, 483, 432, 136, 371, 411, 200, 421, 284, 135, 326, 281, 348, 73, 239, 540, 38, 576, 430, 501, 1], [1, 368, 235, 99, 103, 147, 315, 46, 196, 485, 110, 37, 577, 439, 279, 460, 6, 458, 461, 322, 1], [1, 555, 104, 431, 262, 425, 61, 379, 236, 221, 68, 240, 70, 552, 381, 577, 397, 541, 28, 410, 358, 55, 355, 75, 295, 1], [1, 84, 248, 290, 305, 350, 537, 566, 206, 252, 531, 92, 388, 452, 440, 367, 427, 296, 121, 500, 567, 179, 576, 197, 320, 543, 105, 357, 132, 487, 489, 100, 373, 521, 125, 215, 171, 314, 503, 57, 203, 472, 210, 120, 1], [1, 41, 3, 261, 1], [1, 370, 416, 445, 229, 30, 17, 498, 557, 344, 359, 98, 1], [1, 575, 575, 302, 363, 9, 360, 497, 561, 107, 7, 390, 280, 420, 53, 507, 336, 443, 69, 406, 481, 442, 183, 505, 175, 1], [1, 243, 474, 374, 332, 34, 524, 511, 412, 111, 54, 39, 467, 551, 311, 64, 392, 575, 1], [1, 435, 434, 18, 554, 130, 387, 298, 469, 510, 15, 456, 1], [1, 162, 249, 293, 347, 362, 186, 230, 217, 449, 413, 128, 216, 465, 542, 71, 283, 486, 325, 562, 222, 577, 437, 253, 398, 233, 164, 246, 444, 385, 148, 559, 520, 484, 170, 522, 122, 52, 429, 382, 569, 523, 1], [1, 376, 131, 548, 2, 145, 29, 139, 1], [1, 5, 180, 310, 345, 119, 66, 146, 577, 518, 405, 155, 538, 219, 40, 1], [1, 575, 526, 352, 152, 289, 265, 547, 24, 275, 330, 47, 232, 533, 182, 509, 409, 1], [1, 454, 502, 223, 225, 414, 455, 573, 207, 32, 199, 245, 418, 27, 209, 576, 383, 404, 1], [1, 529, 506, 31, 446, 42, 327, 316, 1], [1, 378, 276, 241, 525, 91, 294, 258, 10, 349, 77, 396, 297, 354, 82, 499, 26, 575, 1], [1, 169, 309, 422, 226, 117, 16, 572, 380, 400, 44, 577, 319, 118, 62, 274, 549, 244, 364, 1], [1, 153, 195, 8, 14, 453, 338, 43, 214, 1], [1, 1]];[205, 230, 216, 209, 215, 223, 260, 224, 219, 67, 220, 206, 216, 226, 213, 170, 216, 247, 219, 230, 195, 212, 206, 159, 196, 232, 244, 247, 250, 0];[0, 20, 6, 0, 5, 13, 50, 14, 9, 0, 10, 0, 6, 16, 3, 0, 6, 37, 9, 20, 0, 2, 0, 0, 0, 22, 34, 37, 40, 0];[1, 1, 1, 1, 1, 1, 1, 1, 1, 0, 1, 1, 1, 1, 1, 0, 0, 2, 1, 0, 1, 0, 1, 1, 1, 0, 1, 1, 0, 0];[3342.8673735759107, 2914.0058608729837, 2271.505831867019, 2667.368799328342, 2939.4069853838673, 3019.374998583354, 2399.806400997846, 2602.9654302833906, 2798.7204394617947, 1548.4055184273718, 2372.0639388081463, 2399.5177818063253, 2510.062035435249, 2642.2761071967216, 3609.70914867062, 1360.6095881261717, 1944.742697033234, 2193.5393291945843, 2362.044287240604, 2089.3506413042137, 3359.442035107315, 1909.5526980812313, 2425.905211031797, 2392.001505680764, 2776.5894545313367, 1851.312684066442, 2117.4650925813207, 3008.7993506803605, 1845.0337986763086, 0.0];[0, 0, 0, 0, 0, 0, 0, 0, 0, 0, 0, 0, 0, 0, 0, 0, 0, 0, 0, 0, 0, 0, 0, 0, 0, 0, 0, 0, 0, 0]
X-n698-k75-s13.evrp;408;1336.0;7366869.263780093;201958.20661566785;182251.84954351274;[[1, 107, 69, 327, 239, 690, 213, 214, 607, 99, 472, 2, 681, 688, 400, 1], [1, 482, 234, 58, 279, 93, 698, 625, 666, 399, 525, 339, 687, 366, 1], [1, 538, 151, 233, 695, 19, 27, 687, 442, 181, 346, 644, 448, 1], [1, 447, 692, 409, 195, 631, 689, 23, 10, 206, 576, 462, 695, 489, 1], [1, 506, 614, 554, 66, 170, 689, 42, 283, 1], [1, 251, 51, 90, 692, 629, 332, 193, 81, 587, 603, 689, 249, 1], [1, 262, 186, 541, 692, 627, 602, 406, 258, 92, 510, 393, 1], [1, 229, 160, 692, 199, 91, 282, 269, 693, 6, 415, 1], [1, 73, 620, 440, 72, 698, 434, 299, 275, 660, 1], [1, 572, 689, 439, 292, 185, 124, 101, 111, 697, 449, 605, 678, 126, 452, 469, 1], [1, 155, 679, 668, 40, 263, 698, 232, 246, 154, 158, 161, 1], [1, 643, 421, 278, 505, 608, 119, 693, 11, 13, 173, 530, 356, 1], [1, 433, 584, 640, 149, 65, 459, 698, 14, 379, 561, 502, 189, 127, 1], [1, 176, 216, 655, 478, 635, 528, 446, 535, 601, 692, 516, 95, 138, 697, 408, 61, 147, 266, 1], [1, 580, 194, 417, 691, 407, 4, 80, 256, 1], [1, 637, 345, 498, 532, 453, 553, 683, 396, 368, 692, 315, 330, 695, 521, 1], [1, 477, 331, 324, 694, 577, 134, 137, 110, 686, 159, 337, 1], [1, 26, 696, 353, 270, 53, 695, 504, 86, 1], [1, 545, 79, 496, 688, 592, 277, 55, 690, 112, 130, 501, 241, 662, 1], [1, 326, 259, 615, 633, 692, 191, 574, 177, 522, 695, 236, 178, 1], [1, 591, 145, 382, 208, 695, 125, 54, 150, 692, 300, 1], [1, 630, 184, 226, 649, 616, 431, 461, 87, 381, 687, 123, 71, 180, 1], [1, 471, 692, 306, 359, 106, 250, 321, 695, 567, 201, 188, 1], [1, 351, 689, 33, 104, 281, 220, 52, 1], [1, 240, 129, 271, 312, 395, 687, 555, 386, 609, 594, 641, 29, 1], [1, 617, 493, 638, 690, 333, 305, 508, 372, 360, 692, 529, 1], [1, 428, 511, 550, 60, 536, 612, 334, 67, 692, 230, 261, 376, 543, 693, 1], [1, 694, 569, 157, 3, 691, 311, 354, 388, 298, 348, 552, 1], [1, 512, 248, 257, 622, 642, 692, 102, 34, 695, 36, 153, 517, 288, 164, 1], [1, 357, 513, 651, 675, 260, 688, 680, 62, 59, 1], [1, 560, 632, 352, 698, 50, 600, 688, 108, 575, 1], [1, 475, 329, 225, 96, 252, 597, 551, 695, 394, 207, 696, 1], [1, 468, 688, 514, 437, 571, 613, 494, 634, 120, 689, 237, 1], [1, 362, 140, 135, 323, 183, 397, 688, 548, 547, 385, 1], [1, 28, 682, 423, 544, 696, 224, 691, 491, 174, 389, 685, 1], [1, 265, 599, 196, 573, 523, 85, 272, 692, 303, 1], [1, 539, 487, 221, 167, 696, 684, 21, 568, 687, 37, 639, 654, 1], [1, 57, 343, 169, 693, 549, 335, 692, 593, 1], [1, 677, 244, 425, 636, 692, 507, 676, 210, 204, 479, 693, 245, 1], [1, 212, 435, 7, 526, 692, 32, 373, 235, 697, 253, 391, 564, 1], [1, 646, 671, 697, 317, 383, 454, 5, 25, 686, 286, 223, 82, 146, 1], [1, 47, 267, 276, 131, 693, 215, 209, 290, 1], [1, 384, 611, 480, 688, 182, 363, 486, 492, 698, 296, 301, 142, 1], [1, 466, 582, 43, 285, 659, 46, 696, 412, 117, 1], [1, 481, 64, 316, 690, 341, 113, 114, 563, 49, 585, 1], [1, 579, 411, 586, 75, 689, 203, 500, 74, 340, 1], [1, 56, 443, 583, 349, 697, 143, 590, 581, 595, 692, 274, 1], [1, 228, 542, 222, 696, 427, 623, 336, 463, 589, 687, 192, 445, 68, 520, 1], [1, 70, 515, 696, 48, 205, 377, 342, 619, 325, 689, 83, 293, 1], [1, 669, 621, 121, 455, 63, 696, 570, 1], [1, 287, 688, 658, 626, 179, 115, 690, 488, 598, 405, 653, 1], [1, 103, 647, 524, 139, 422, 696, 45, 361, 413, 537, 693, 1], [1, 280, 148, 175, 694, 84, 304, 98, 1], [1, 190, 31, 694, 18, 38, 665, 364, 424, 474, 403, 689, 1], [1, 518, 559, 369, 540, 694, 122, 319, 12, 255, 667, 562, 268, 691, 429, 1], [1, 458, 197, 624, 519, 438, 162, 606, 692, 128, 378, 20, 1], [1, 460, 289, 436, 136, 689, 132, 476, 674, 657, 694, 35, 1], [1, 610, 693, 273, 76, 696, 673, 347, 387, 1], [1, 418, 392, 497, 294, 698, 410, 402, 404, 688, 457, 97, 485, 77, 1], [1, 297, 165, 456, 355, 661, 687, 664, 308, 483, 450, 231, 152, 694, 1], [1, 88, 645, 695, 218, 490, 295, 141, 338, 692, 1], [1, 465, 499, 509, 116, 531, 284, 416, 693, 618, 17, 588, 133, 692, 1], [1, 648, 375, 9, 688, 344, 432, 371, 578, 1], [1, 557, 8, 100, 441, 358, 374, 243, 686, 172, 697, 163, 94, 1], [1, 370, 556, 484, 414, 692, 430, 533, 697, 663, 15, 1], [1, 473, 166, 247, 689, 202, 672, 144, 168, 696, 1], [1, 451, 596, 380, 652, 527, 698, 350, 211, 78, 30, 1], [1, 426, 302, 670, 464, 217, 694, 227, 566, 628, 419, 318, 307, 24, 1], [1, 656, 291, 558, 534, 200, 693, 264, 314, 420, 1], [1, 650, 365, 692, 320, 503, 604, 1], [1, 105, 39, 109, 467, 187, 689, 41, 398, 444, 1], [1, 401, 565, 367, 696, 219, 390, 171, 1], [1, 89, 238, 309, 16, 546, 310, 1], [1, 470, 198, 156, 254, 691, 118, 242, 328, 313, 695, 495, 1], [1, 22, 686, 44, 694, 322, 1]];[583, 411, 348, 297, 330, 425, 409, 394, 495, 393, 358, 416, 455, 509, 219, 389, 435, 195, 492, 422, 357, 489, 474, 363, 417, 489, 402, 408, 339, 417, 324, 398, 364, 512, 479, 398, 418, 344, 405, 343, 474, 277, 360, 405, 378, 383, 467, 509, 504, 304, 380, 471, 476, 392, 454, 430, 371, 367, 460, 412, 402, 369, 402, 515, 397, 371, 461, 402, 452, 307, 395, 448, 411, 381, 197];[175, 3, 0, 0, 0, 17, 1, 0, 87, 0, 0, 8, 47, 101, 0, 0, 27, 0, 84, 14, 0, 81, 66, 0, 9, 81, 0, 0, 0, 9, 0, 0, 0, 104, 71, 0, 10, 0, 0, 0, 66, 0, 0, 0, 0, 0, 59, 101, 96, 0, 0, 63, 68, 0, 46, 22, 0, 0, 52, 4, 0, 0, 0, 107, 0, 0, 53, 0, 44, 0, 0, 40, 3, 0, 0];[2, 2, 2, 3, 1, 2, 1, 2, 1, 2, 1, 1, 1, 2, 1, 2, 2, 2, 2, 2, 2, 1, 2, 1, 1, 2, 2, 2, 2, 1, 2, 2, 2, 1, 2, 1, 2, 2, 2, 2, 2, 1, 2, 1, 1, 1, 2, 2, 2, 1, 2, 2, 1, 2, 2, 1, 2, 2, 2, 2, 2, 2, 1, 2, 2, 2, 1, 1, 1, 1, 1, 1, 0, 2, 2];[2890.3019183662864, 2762.9244910291427, 2389.6778294917244, 3385.3620358205676, 1428.1849389775516, 2530.310581370851, 2119.1786900492775, 3141.6757401333125, 1965.6166648178637, 2595.1015348657575, 2013.5480665254038, 2025.6703448535825, 2040.5874681392643, 2773.244759888018, 1456.461567203064, 2774.160946533799, 3108.6041823839946, 2208.3728261940787, 3375.8870369701995, 2894.367081120925, 2627.774287403298, 2533.549833379763, 2538.1435057369895, 1473.063649629027, 2020.3640898583137, 3401.4851546814007, 3004.2182114867974, 2632.0924675887, 3392.282955967048, 1885.1638884356262, 2884.8278643806766, 2663.996264400029, 1595.2475229339925, 2301.051318513114, 2353.877905145158, 1660.3876889784292, 3320.9515041475506, 2352.6092330191814, 2755.3675688161143, 3209.361706120621, 3381.991312842667, 1649.8726890124603, 2877.5701744775706, 2238.500171982231, 2080.495712117462, 2490.518216795319, 2112.797196452917, 3186.2292439187663, 2918.9080366300886, 1549.7580356723352, 2670.9224909728323, 2623.6138365147463, 2265.6507925974165, 2175.254197443003, 2560.362965708503, 1795.172068304591, 2509.6018985032206, 2709.831652388814, 2946.4027856118278, 2308.783322431686, 2674.2174160944187, 2676.4225283197466, 1978.396969580764, 3043.468774056643, 2614.5631967766067, 2773.8712408309593, 2184.210215383791, 2079.1943720009094, 2200.699050301163, 1766.171700402228, 1780.316314409757, 1616.9746929243317, 1277.799186051048, 2763.1816837399315, 1285.070076905506];[0, 0, 0, 0, 0, 0, 0, 0, 0, 0, 0, 0, 0, 0, 0, 0, 28.29044111855569, 0, 0, 0, 0, 0, 0, 0, 0, 33.00412076155135, 13.96037982726125, 5.897332208895932, 0, 0, 0, 0, 0, 0, 0, 0, 0, 0, 0, 0, 0, 0, 0, 0, 0, 0, 0, 0, 0, 0, 0, 0, 0, 0, 0, 0, 0, 0, 0, 0, 53.35712740316285, 0, 0, 0, 0, 0, 0, 0, 0, 0, 0, 0, 0, 0, 0]
X-n759-k98-s10.evrp;396;1367.0;6874546.024708315;184370.27379252386;169826.89543611393;[[1, 16, 217, 329, 593, 751, 699, 386, 332, 38, 642, 331, 392, 124, 164, 758, 1], [1, 298, 701, 752, 347, 382, 544, 106, 560, 539, 1], [1, 658, 116, 580, 255, 612, 750, 605, 75, 520, 67, 675, 634, 1], [1, 494, 35, 328, 344, 351, 30, 750, 437, 681, 1], [1, 350, 425, 452, 316, 753, 533, 195, 102, 668, 348, 260, 1], [1, 590, 43, 716, 752, 142, 401, 586, 79, 692, 175, 148, 1], [1, 357, 496, 646, 480, 663, 230, 405, 750, 120, 110, 276, 340, 375, 1], [1, 152, 174, 455, 4, 7, 750, 661, 41, 551, 1], [1, 447, 319, 402, 21, 649, 211, 756, 235, 283, 1], [1, 554, 449, 159, 751, 249, 542, 200, 208, 415, 755, 1], [1, 349, 228, 310, 626, 704, 751, 627, 93, 232, 696, 451, 373, 1], [1, 186, 674, 743, 559, 261, 756, 506, 1], [1, 534, 747, 85, 478, 757, 745, 191, 182, 1], [1, 475, 180, 530, 291, 446, 477, 285, 751, 134, 1], [1, 442, 511, 411, 736, 644, 594, 617, 610, 436, 637, 754, 526, 205, 201, 1], [1, 615, 712, 315, 724, 519, 749, 754, 512, 254, 746, 684, 1], [1, 574, 312, 26, 561, 751, 493, 6, 99, 1], [1, 263, 167, 435, 202, 299, 756, 243, 245, 271, 1], [1, 567, 170, 655, 149, 105, 750, 40, 609, 1], [1, 695, 673, 320, 507, 439, 231, 755, 656, 671, 371, 462, 1], [1, 280, 66, 514, 734, 448, 498, 416, 108, 752, 237, 1], [1, 476, 203, 301, 531, 384, 492, 751, 288, 226, 267, 1], [1, 703, 326, 754, 3, 84, 32, 125, 94, 632, 1], [1, 247, 484, 144, 395, 630, 338, 755, 239, 389, 1], [1, 558, 370, 717, 578, 755, 387, 307, 1], [1, 287, 33, 557, 15, 537, 750, 197, 733, 739, 682, 1], [1, 128, 122, 424, 750, 121, 275, 710, 1], [1, 565, 78, 548, 388, 17, 251, 751, 631, 317, 465, 1], [1, 80, 432, 718, 754, 754, 206, 214, 621, 176, 1], [1, 711, 2, 737, 755, 638, 171, 1], [1, 618, 158, 345, 286, 36, 750, 127, 483, 730, 1], [1, 657, 221, 583, 421, 377, 751, 522, 1], [1, 678, 690, 460, 491, 342, 224, 562, 135, 755, 352, 706, 1], [1, 643, 311, 73, 81, 504, 150, 750, 58, 355, 640, 74, 1], [1, 756, 184, 553, 497, 100, 295, 525, 1], [1, 309, 584, 372, 529, 571, 115, 755, 508, 1], [1, 602, 34, 146, 306, 713, 28, 750, 360, 270, 1], [1, 9, 257, 278, 633, 63, 341, 755, 220, 619, 1], [1, 262, 579, 22, 304, 179, 162, 754, 604, 1], [1, 408, 575, 750, 49, 420, 495, 1], [1, 305, 685, 538, 61, 540, 1], [1, 729, 282, 265, 25, 130, 751, 198, 1], [1, 322, 272, 397, 111, 393, 178, 241, 1], [1, 325, 505, 277, 754, 469, 153, 1], [1, 188, 123, 528, 57, 166, 577, 454, 410, 55, 1], [1, 598, 552, 71, 754, 92, 163, 82, 450, 585, 1], [1, 546, 376, 44, 444, 268, 756, 314, 1], [1, 428, 472, 748, 738, 269, 751, 708, 1], [1, 398, 607, 160, 479, 169, 1], [1, 165, 292, 650, 51, 721, 107, 1], [1, 441, 227, 225, 464, 587, 751, 709, 1], [1, 358, 754, 705, 240, 592, 98, 369, 545, 1], [1, 126, 147, 246, 390, 109, 293, 336, 654, 754, 1], [1, 672, 133, 65, 750, 222, 456, 438, 365, 697, 323, 1], [1, 145, 726, 754, 88, 97, 720, 608, 468, 367, 1], [1, 181, 588, 616, 639, 330, 234, 91, 168, 1], [1, 731, 281, 95, 453, 248, 662, 750, 517, 56, 758, 1], [1, 10, 45, 27, 391, 362, 750, 161, 614, 14, 581, 1], [1, 659, 482, 667, 138, 258, 209, 1], [1, 155, 443, 39, 566, 750, 434, 714, 324, 1], [1, 543, 459, 193, 374, 207, 189, 509, 46, 758, 550, 625, 1], [1, 702, 732, 199, 423, 256, 722, 750, 334, 572, 1], [1, 119, 60, 143, 665, 669, 751, 527, 599, 422, 196, 680, 541, 1], [1, 20, 611, 488, 622, 83, 190, 523, 427, 1], [1, 18, 486, 156, 645, 474, 363, 751, 679, 1], [1, 264, 327, 750, 356, 302, 744, 666, 218, 573, 1], [1, 396, 378, 501, 500, 252, 1], [1, 50, 131, 503, 515, 471, 1], [1, 192, 12, 24, 426, 140, 752, 694, 715, 589, 238, 1], [1, 47, 300, 752, 677, 359, 413, 279, 1], [1, 259, 458, 635, 70, 114, 64, 233, 751, 596, 1], [1, 569, 407, 89, 750, 346, 502, 600, 1], [1, 549, 499, 409, 752, 54, 725, 418, 157, 603, 48, 1], [1, 740, 660, 601, 417, 481, 229, 750, 72, 154, 1], [1, 568, 242, 751, 368, 624, 597, 284, 151, 419, 1], [1, 719, 570, 556, 445, 37, 750, 652, 555, 754, 1], [1, 394, 399, 361, 303, 19, 294, 757, 1], [1, 87, 651, 641, 750, 215, 86, 1], [1, 339, 90, 308, 723, 290, 750, 53, 194, 13, 1], [1, 485, 647, 752, 430, 623, 236, 490, 576, 187, 510, 96, 1], [1, 250, 648, 296, 754, 664, 741, 564, 62, 412, 1], [1, 297, 204, 536, 118, 381, 11, 754, 1], [1, 112, 750, 177, 473, 535, 335, 431, 1], [1, 728, 463, 686, 274, 333, 139, 532, 1], [1, 698, 313, 23, 755, 8, 5, 683, 563, 379, 117, 1], [1, 613, 400, 750, 735, 219, 210, 1], [1, 77, 366, 457, 688, 755, 676, 628, 1], [1, 629, 213, 470, 69, 750, 244, 591, 223, 1], [1, 403, 68, 406, 129, 755, 185, 653, 101, 1], [1, 132, 137, 354, 466, 689, 758, 29, 52, 521, 1], [1, 353, 172, 141, 461, 404, 754, 31, 1], [1, 104, 337, 364, 433, 693, 343, 606, 751, 440, 487, 385, 1], [1, 742, 183, 318, 670, 136, 758, 524, 547, 1], [1, 103, 273, 429, 750, 700, 414, 321, 1], [1, 76, 289, 620, 42, 758, 1], [1, 636, 173, 489, 513, 518, 582, 759, 1], [1, 266, 516, 212, 707, 383, 595, 754, 687, 380, 691, 59, 467, 1], [1, 727, 216, 750, 253, 113, 1]];[375, 451, 383, 344, 361, 480, 453, 380, 388, 449, 493, 393, 390, 405, 515, 565, 396, 395, 444, 411, 476, 395, 381, 418, 310, 406, 292, 551, 391, 408, 396, 366, 411, 394, 315, 404, 435, 397, 298, 345, 342, 418, 430, 427, 401, 361, 388, 395, 325, 350, 393, 382, 364, 436, 392, 389, 466, 382, 279, 396, 396, 547, 533, 361, 385, 410, 285, 367, 390, 395, 356, 415, 404, 352, 408, 380, 389, 310, 440, 401, 360, 327, 346, 393, 413, 394, 388, 296, 380, 340, 333, 519, 361, 347, 244, 319, 423, 331];[0, 55, 0, 0, 0, 84, 57, 0, 0, 53, 97, 0, 0, 9, 119, 169, 0, 0, 48, 15, 80, 0, 0, 22, 0, 10, 0, 155, 0, 12, 0, 0, 15, 0, 0, 8, 39, 1, 0, 0, 0, 22, 34, 31, 5, 0, 0, 0, 0, 0, 0, 0, 0, 40, 0, 0, 70, 0, 0, 0, 0, 151, 137, 0, 0, 14, 0, 0, 0, 0, 0, 19, 8, 0, 12, 0, 0, 0, 44, 5, 0, 0, 0, 0, 17, 0, 0, 0, 0, 0, 0, 123, 0, 0, 0, 0, 27, 0];[2, 1, 1, 1, 1, 1, 1, 1, 1, 2, 1, 1, 1, 1, 1, 1, 1, 1, 1, 1, 1, 1, 1, 1, 1, 1, 1, 1, 2, 1, 1, 1, 1, 1, 1, 1, 1, 1, 1, 1, 0, 1, 0, 1, 0, 1, 1, 1, 0, 0, 1, 1, 1, 1, 1, 0, 2, 1, 0, 1, 1, 1, 1, 0, 1, 1, 0, 0, 1, 1, 1, 1, 1, 1, 1, 2, 1, 1, 1, 1, 1, 1, 1, 0, 1, 1, 1, 1, 1, 1, 1, 1, 1, 1, 1, 1, 1, 1];[2496.4836716359046, 1884.332880834972, 1978.6306128585238, 1691.8076480489638, 1817.7596061201402, 2219.0645373291986, 1832.5202784620933, 2036.050157046155, 1503.920609796287, 2755.2584671856257, 2434.050354487923, 1724.6120434116983, 1845.1764841996312, 2027.3780300261753, 1922.9824135811432, 2116.027046257353, 2141.9939254762417, 1686.5650407474136, 1938.4446363095715, 1958.4474021003384, 1738.664120480651, 2107.8901580801285, 1858.3414450360253, 1683.4648161668256, 1667.0571594600033, 1734.517683168916, 1511.0739359352287, 1990.7589337727875, 2172.90724592133, 942.2786970661881, 2141.967261576642, 1713.3228186032504, 1538.5777493011, 2084.281871920097, 1268.549043660667, 1703.7217133146423, 2125.80919599634, 1868.0640023444828, 1676.733400515878, 1117.7869651669334, 824.677388836964, 1599.8637961384688, 1161.0788066381801, 812.0500587221205, 1337.056566635422, 2273.076842816559, 1391.489907849087, 1879.2388504141263, 1261.710729791684, 1173.106891889211, 1862.7616451655747, 1199.8313128363616, 1448.944619424697, 2330.4056202318875, 1428.2510778822802, 1309.0961499315747, 2404.781269946492, 2458.2668889041274, 1050.1280601305066, 1772.6369600744044, 1362.8729966360404, 1958.4625093962777, 2230.897431684633, 1310.4058663907067, 1780.7865201742586, 1854.7943396567814, 853.1501511863516, 908.7493453615219, 1940.488220618014, 1157.3301109810272, 1936.8552669945452, 1547.6876269767743, 2433.19712662668, 2002.894783221339, 1820.5321451676439, 1777.6010205726602, 1354.2830658449964, 1819.5765830342882, 1918.5530738900034, 2107.602476981258, 2201.4229565817923, 1361.91741192702, 1178.031871833915, 1258.2345554033734, 2541.385675881877, 1860.8506986962057, 1851.9538460164626, 1868.9005612371088, 1297.6807241897575, 1386.37652911557, 1819.1901300622324, 2038.5799164255313, 1288.9056316170486, 1637.8094859733606, 1607.5444062972513, 1388.8096224262056, 2246.449506576522, 1280.403736793767];[0, 0, 0, 0, 0, 0, 0, 0, 0, 0, 0, 0, 0, 0, 0, 0, 0, 0, 2.1906298600729315, 16.37805685013518, 0, 0, 0, 0, 0, 0, 0, 0, 0, 0, 0, 0, 0, 0, 0, 0, 0, 0, 0, 0, 0, 0, 0, 0, 0, 0, 0, 0, 0, 0, 0, 0, 0, 0, 0, 0, 0, 0, 0, 0, 0, 46.988363595935425, 0, 0, 0, 0, 0, 0, 0, 0, 0, 0, 145.65917271510125, 0, 0, 0, 0, 0, 0, 0, 0, 0, 0, 0, 46.33466489142643, 0, 0, 0, 0, 0, 0, 0, 0, 0, 48.78935421256688, 0, 0, 0]
X-n830-k171-s11.evrp;358;1385.0;12920554.223138044;380522.52112174314;317451.0222141011;[[1, 742, 332, 828, 551, 246, 1], [1, 660, 377, 235, 820, 21, 612, 1], [1, 830, 253, 186, 161, 1], [1, 211, 386, 651, 824, 462, 474, 1], [1, 183, 321, 391, 823, 511, 633, 389, 828, 1], [1, 600, 110, 687, 827, 631, 681, 1], [1, 778, 177, 417, 820, 182, 1], [1, 526, 750, 36, 828, 1], [1, 116, 557, 31, 824, 33, 395, 1], [1, 767, 367, 483, 821, 550, 823, 745, 1], [1, 823, 251, 121, 1], [1, 301, 79, 608, 57, 828, 148, 773, 1], [1, 149, 719, 820, 632, 261, 23, 304, 1], [1, 472, 809, 178, 460, 1], [1, 491, 385, 822, 243, 192, 1], [1, 823, 84, 569, 828, 755, 791, 754, 1], [1, 609, 820, 762, 554, 570, 35, 330, 830, 80, 1], [1, 733, 369, 212, 823, 71, 187, 120, 825, 1], [1, 748, 165, 820, 158, 766, 828, 1], [1, 439, 707, 792, 825, 598, 473, 1], [1, 599, 828, 227, 73, 823, 424, 1], [1, 413, 494, 437, 1], [1, 576, 705, 577, 313, 630, 821, 519, 1], [1, 341, 208, 352, 824, 824, 813, 828, 1], [1, 408, 171, 224, 293, 822, 568, 820, 1], [1, 86, 601, 348, 823, 566, 650, 196, 826, 1], [1, 364, 265, 823, 604, 140, 734, 830, 1], [1, 47, 14, 247, 820, 255, 307, 484, 581, 1], [1, 820, 531, 90, 91, 825, 1], [1, 697, 392, 573, 481, 823, 29, 355, 821, 1], [1, 672, 238, 627, 823, 347, 452, 721, 1], [1, 823, 418, 435, 297, 250, 1], [1, 167, 126, 181, 826, 787, 715, 1], [1, 78, 732, 448, 18, 454, 155, 825, 801, 602, 1], [1, 667, 115, 828, 198, 722, 156, 61, 1], [1, 822, 358, 96, 85, 567, 1], [1, 781, 624, 232, 305, 825, 1], [1, 786, 822, 827, 361, 322, 1], [1, 141, 162, 489, 788, 541, 828, 1], [1, 87, 112, 731, 1], [1, 735, 216, 827, 516, 464, 1], [1, 5, 668, 827, 272, 760, 280, 487, 538, 1], [1, 440, 223, 669, 823, 625, 41, 1], [1, 826, 677, 390, 764, 1], [1, 530, 151, 219, 822, 205, 797, 375, 1], [1, 724, 173, 215, 823, 709, 49, 1], [1, 104, 737, 828, 471, 751, 1], [1, 218, 60, 623, 827, 506, 804, 823, 220, 825, 1], [1, 100, 191, 824, 365, 146, 635, 1], [1, 466, 316, 587, 823, 723, 1], [1, 368, 19, 589, 815, 1], [1, 822, 822, 445, 443, 549, 310, 1], [1, 824, 55, 793, 823, 230, 769, 469, 1], [1, 527, 328, 168, 761, 826, 711, 1], [1, 824, 63, 383, 431, 38, 795, 1], [1, 552, 741, 820, 515, 611, 785, 1], [1, 371, 376, 828, 540, 354, 17, 1], [1, 62, 514, 784, 476, 824, 1], [1, 685, 209, 820, 195, 269, 486, 828, 1], [1, 752, 172, 828, 123, 1], [1, 150, 684, 105, 240, 823, 66, 1], [1, 410, 416, 536, 695, 1], [1, 771, 432, 822, 252, 821, 362, 1], [1, 513, 2, 823, 535, 237, 605, 1], [1, 388, 136, 820, 401, 98, 349, 1], [1, 821, 817, 176, 824, 827, 147, 125, 343, 1], [1, 505, 641, 312, 446, 826, 704, 1], [1, 694, 620, 326, 820, 504, 824, 1], [1, 10, 740, 756, 820, 689, 1], [1, 174, 1], [1, 303, 537, 820, 442, 1], [1, 258, 127, 571, 70, 814, 812, 1], [1, 384, 828, 588, 189, 1], [1, 753, 700, 655, 456, 422, 820, 477, 405, 1], [1, 381, 763, 613, 580, 823, 239, 1], [1, 714, 1], [1, 42, 825, 782, 798, 411, 830, 407, 1], [1, 340, 119, 821, 547, 287, 826, 1], [1, 636, 827, 426, 617, 706, 1], [1, 142, 562, 28, 827, 495, 46, 1], [1, 498, 315, 396, 820, 282, 509, 267, 665, 523, 826, 429, 1], [1, 333, 451, 22, 12, 270, 1], [1, 164, 534, 398, 470, 113, 1], [1, 353, 202, 820, 193, 278, 758, 1], [1, 203, 144, 190, 717, 645, 823, 626, 1], [1, 628, 690, 679, 827, 696, 783, 1], [1, 820, 479, 827, 420, 485, 1], [1, 824, 642, 775, 157, 394, 27, 1], [1, 545, 226, 111, 288, 294, 58, 820, 68, 1], [1, 438, 221, 402, 757, 616, 828, 1], [1, 281, 279, 257, 823, 114, 586, 802, 1], [1, 268, 659, 823, 289, 260, 89, 1], [1, 83, 138, 503, 496, 828, 829, 539, 117, 826, 1], [1, 447, 497, 9, 169, 179, 1], [1, 39, 825, 824, 822, 646, 77, 1], [1, 725, 629, 75, 826, 184, 1], [1, 461, 674, 575, 827, 374, 228, 1], [1, 380, 338, 823, 656, 350, 163, 1], [1, 818, 249, 206, 662, 829, 242, 325, 1], [1, 229, 331, 409, 823, 102, 124, 1], [1, 647, 820, 459, 774, 593, 197, 1], [1, 4, 273, 794, 610, 1], [1, 822, 339, 363, 285, 825, 299, 564, 1], [1, 436, 807, 528, 425, 233, 1], [1, 175, 56, 805, 825, 382, 30, 1], [1, 241, 400, 40, 107, 97, 822, 1], [1, 213, 820, 553, 217, 502, 828, 1], [1, 24, 768, 72, 254, 826, 1], [1, 441, 480, 692, 688, 548, 1], [1, 579, 245, 824, 430, 185, 283, 1], [1, 663, 796, 822, 92, 11, 1], [1, 820, 590, 457, 670, 335, 822, 300, 236, 1], [1, 543, 799, 290, 433, 824, 678, 109, 1], [1, 522, 44, 52, 824, 67, 65, 1], [1, 94, 359, 729, 824, 1], [1, 308, 828, 458, 698, 1], [1, 718, 811, 830, 657, 826, 703, 314, 1], [1, 825, 520, 412, 680, 130, 777, 1], [1, 128, 500, 693, 826, 32, 565, 1], [1, 770, 478, 820, 309, 95, 1], [1, 137, 827, 806, 621, 53, 780, 1], [1, 823, 542, 546, 393, 231, 444, 1], [1, 296, 366, 455, 634, 822, 276, 823, 357, 1], [1, 675, 200, 822, 37, 262, 1], [1, 346, 779, 639, 597, 822, 1], [1, 606, 820, 776, 821, 559, 1], [1, 263, 824, 615, 518, 772, 1], [1, 225, 370, 739, 826, 810, 1], [1, 492, 820, 345, 638, 421, 103, 1], [1, 828, 664, 710, 822, 658, 533, 671, 561, 1], [1, 607, 449, 74, 820, 800, 145, 603, 199, 828, 1], [1, 414, 827, 222, 45, 824, 6, 1], [1, 618, 48, 318, 827, 584, 271, 1], [1, 643, 101, 824, 64, 351, 1], [1, 682, 749, 713, 43, 596, 1], [1, 311, 572, 336, 826, 1], [1, 415, 716, 327, 821, 204, 556, 1], [1, 129, 277, 210, 406, 827, 106, 1], [1, 582, 25, 824, 558, 8, 298, 1], [1, 585, 170, 730, 248, 825, 517, 488, 1], [1, 323, 595, 649, 544, 1], [1, 583, 820, 108, 15, 828, 1], [1, 738, 637, 131, 699, 826, 826, 1], [1, 159, 501, 337, 820, 622, 482, 673, 1], [1, 701, 434, 234, 69, 686, 302, 1], [1, 529, 822, 194, 180, 154, 644, 1], [1, 683, 135, 825, 450, 563, 1], [1, 344, 153, 259, 827, 132, 16, 1], [1, 728, 555, 826, 54, 822, 284, 51, 324, 507, 1], [1, 822, 88, 560, 744, 244, 1], [1, 378, 524, 824, 508, 493, 139, 826, 1], [1, 118, 122, 207, 619, 82, 743, 828, 1], [1, 574, 640, 789, 720, 50, 825, 133, 1], [1, 76, 428, 379, 399, 822, 510, 654, 1], [1, 188, 578, 803, 825, 1], [1, 708, 824, 614, 465, 329, 759, 1], [1, 822, 427, 160, 3, 746, 826, 93, 1], [1, 306, 166, 691, 7, 295, 214, 822, 404, 1], [1, 423, 653, 824, 264, 274, 826, 702, 1], [1, 99, 468, 827, 490, 397, 275, 1], [1, 13, 726, 822, 319, 26, 512, 826, 1], [1, 765, 387, 403, 356, 826, 532, 525, 827, 1], [1, 499, 823, 143, 34, 463, 1], [1, 20, 292, 81, 419, 475, 826, 1], [1, 790, 819, 1], [1, 266, 286, 820, 453, 823, 59, 360, 467, 291, 1], [1, 823, 727, 521, 652, 591, 594, 1], [1, 201, 334, 648, 661, 808, 1], [1, 592, 676, 320, 826, 152, 373, 1], [1, 317, 256, 712, 824, 372, 342, 1], [1, 816, 822, 134, 747, 828, 825, 736, 666, 1]];[267, 358, 251, 351, 405, 430, 330, 249, 348, 321, 163, 405, 429, 358, 314, 403, 532, 457, 340, 439, 380, 274, 409, 349, 314, 380, 407, 504, 232, 400, 409, 295, 361, 636, 414, 328, 346, 235, 339, 267, 327, 521, 394, 212, 455, 377, 271, 420, 390, 334, 344, 267, 411, 363, 325, 377, 353, 268, 355, 257, 328, 279, 280, 354, 387, 377, 356, 318, 309, 52, 229, 412, 236, 483, 334, 98, 402, 257, 309, 421, 641, 411, 394, 334, 425, 356, 245, 324, 529, 352, 406, 331, 468, 386, 227, 345, 358, 402, 458, 364, 340, 320, 413, 364, 368, 393, 325, 289, 374, 368, 365, 473, 445, 360, 232, 228, 351, 350, 361, 306, 365, 337, 373, 340, 344, 253, 279, 322, 340, 468, 503, 319, 346, 290, 325, 228, 362, 380, 362, 467, 272, 261, 333, 391, 428, 381, 365, 370, 513, 277, 404, 420, 475, 486, 203, 330, 349, 518, 355, 376, 370, 408, 311, 403, 146, 433, 370, 335, 428, 352, 396];[0, 0, 0, 0, 47, 72, 0, 0, 0, 0, 0, 47, 71, 0, 0, 45, 174, 99, 0, 81, 22, 0, 51, 0, 0, 22, 49, 146, 0, 42, 51, 0, 3, 278, 56, 0, 0, 0, 0, 0, 0, 163, 36, 0, 97, 19, 0, 62, 32, 0, 0, 0, 53, 5, 0, 19, 0, 0, 0, 0, 0, 0, 0, 0, 29, 19, 0, 0, 0, 0, 0, 54, 0, 125, 0, 0, 44, 0, 0, 63, 283, 53, 36, 0, 67, 0, 0, 0, 171, 0, 48, 0, 110, 28, 0, 0, 0, 44, 100, 6, 0, 0, 55, 6, 10, 35, 0, 0, 16, 10, 7, 115, 87, 2, 0, 0, 0, 0, 3, 0, 7, 0, 15, 0, 0, 0, 0, 0, 0, 110, 145, 0, 0, 0, 0, 0, 4, 22, 4, 109, 0, 0, 0, 33, 70, 23, 7, 12, 155, 0, 46, 62, 117, 128, 0, 0, 0, 160, 0, 18, 12, 50, 0, 45, 0, 75, 12, 0, 70, 0, 38];[1, 1, 1, 1, 2, 1, 1, 1, 1, 2, 1, 1, 1, 0, 1, 2, 2, 2, 2, 1, 2, 0, 1, 3, 2, 2, 2, 1, 2, 2, 1, 1, 1, 1, 1, 1, 1, 2, 1, 0, 1, 1, 1, 1, 1, 1, 1, 3, 1, 1, 0, 2, 2, 1, 1, 1, 1, 1, 2, 1, 1, 0, 2, 1, 1, 3, 1, 2, 1, 0, 1, 0, 1, 1, 1, 0, 2, 2, 1, 1, 2, 0, 0, 1, 1, 1, 2, 1, 1, 1, 1, 1, 3, 0, 3, 1, 1, 1, 1, 1, 1, 0, 2, 0, 1, 1, 2, 1, 0, 1, 1, 2, 1, 1, 1, 1, 2, 1, 1, 1, 1, 1, 2, 1, 1, 2, 1, 1, 1, 2, 2, 2, 1, 1, 0, 1, 1, 1, 1, 1, 0, 2, 2, 1, 0, 1, 1, 1, 2, 1, 2, 1, 1, 1, 1, 1, 2, 1, 2, 1, 2, 2, 1, 1, 0, 2, 1, 0, 1, 1, 3];[1889.303032388957, 2425.8586907388894, 1114.7998202751628, 1799.5607574561675, 2198.0830265493114, 1586.330965473518, 2230.1821945357397, 1207.946779417258, 2223.6494897952653, 1519.9482399442045, 1356.554669140439, 2074.2251211382236, 2484.1054849220936, 1001.9630641919814, 2299.061147956262, 2057.2652572274096, 2719.257325437773, 2153.1497583302926, 2275.001459378602, 2326.5979179015217, 2072.438216101288, 1430.3010041012408, 1795.1976149260151, 2042.986296047011, 2062.988646052117, 1930.427163308108, 2586.573870471987, 2749.9154160547628, 1761.8437942558585, 2006.199453949237, 2298.018639494102, 1604.0673682440865, 1999.0276111709547, 2163.371618247063, 2242.3007880929217, 1749.8708670364072, 944.4988240240854, 1820.931709423758, 1388.1093021459562, 804.5426645233956, 1786.1555137927157, 2574.7221429636174, 2075.076060814127, 1549.2130686048347, 1931.2001227753763, 2310.9667959022677, 2106.1351575946987, 2902.010850700032, 2415.475032770972, 1691.021147658536, 1268.391261012382, 1411.7103219065418, 2204.5929771615715, 1645.615075885245, 1406.6412939564611, 1605.2904493656392, 1917.9969390738438, 1240.701009228183, 2269.1944995474882, 1945.5949643610575, 1973.5515976331894, 1152.4380173422517, 2693.3924242046655, 1404.1697879217995, 2004.1847405791025, 2256.223969058689, 1964.895093185729, 1406.4604017229533, 1677.4734112635997, 464.9042912256242, 1354.5446058483417, 1159.3161186592965, 2030.2251893997118, 2136.6399545628365, 1789.721728035291, 626.6258851978587, 2467.814944957621, 1437.6711508904757, 1680.313027953201, 1736.2017967940487, 3015.849941987782, 1249.5465679485546, 1122.3620568116248, 2215.465405353438, 1446.4490143223384, 2166.803318991752, 1651.7935964404987, 1492.0127070309393, 1907.8116697048301, 1468.2774459633938, 1231.3289273227278, 2363.5716323646425, 2529.3663901414347, 1405.5097273880028, 2301.1885955228977, 1683.18973769967, 1815.8040920065628, 2666.0152779557734, 2255.5992712029374, 1777.5869173125354, 1879.9007510911329, 1116.7300612542977, 2706.3752889041216, 1272.9941190170405, 2290.420870610398, 1370.233523812807, 1851.3920391893564, 1677.5518162885253, 1249.7589113378435, 1801.3957568125059, 1643.6128469473538, 1960.030042462541, 2189.057425745175, 1840.2423132299107, 1120.8226471877947, 1769.7522782000854, 2375.3343656022803, 1397.833655989583, 2024.0783917617532, 1965.2579695742281, 1156.051826572315, 1667.6984433465143, 2644.837745255381, 2250.1142567568077, 1579.7056811938955, 2231.545180494064, 1685.1516974904166, 1595.6678377226483, 1858.8022964887716, 2324.12237348333, 2655.8677824919428, 2351.536785453502, 1408.3561140788092, 1602.904951095637, 1069.8009568464354, 1472.8086705853545, 2067.382576565548, 1291.4301481840732, 2183.0437780661077, 2375.0733875241094, 1238.6463950650632, 1956.4020706702795, 1800.3289194619028, 2298.774745508198, 1281.9794125284702, 1977.1982150270974, 1758.505659975057, 911.3870335908491, 2754.115486778098, 1679.8184704385892, 2483.2346142448055, 1613.5773562787203, 2082.263091025745, 2325.6312119365857, 949.2681581951784, 1760.9233148527712, 2424.0488262684753, 1646.5350304994447, 2242.9425824157843, 1285.2828964810578, 2813.808940444766, 2704.2414555188107, 1154.2231252771185, 1748.857390287169, 817.1390308035749, 2746.2261304128792, 1598.3744364199613, 1105.5398688025268, 2376.3270761465656, 1860.8848995171911, 3243.3986196598044];[0, 69.26017482413454, 0, 0, 0, 0, 0, 0, 0, 0, 0, 0, 0, 0, 81.47087788951148, 0, 0, 0, 0, 104.48346107141742, 0, 45.30100410124078, 0, 0, 0, 0, 0, 95.79764601516672, 0, 0, 0, 0, 0, 0, 35.86129454697311, 0, 0, 0, 0, 0, 0, 52.96713424178597, 0, 0, 0, 0, 0, 0, 0, 0, 0, 0, 0, 0, 0, 0, 0, 0, 0, 0, 0, 0, 0, 0, 0, 0, 0, 0, 0, 0, 0, 0, 0, 0, 0, 0, 0, 0, 0, 0, 0, 0, 0, 0, 0, 0, 0, 0, 102.19458685296922, 0, 0, 0, 0, 20.50972738800283, 0, 0, 0, 0, 0, 0, 9.317803356994546, 0, 0, 0, 0, 0, 0, 0, 0, 0, 0, 0, 0, 0.6908206467467153, 0, 0, 0, 0, 0, 0, 0, 0, 0, 0, 0, 0, 0, 0, 0, 0, 0, 0, 0, 0, 0, 0, 0, 0, 0, 0, 0, 0, 45.937528116625344, 0, 0, 0, 0, 0, 0, 0, 0, 30.340124659632238, 0, 0, 0, 0, 6.971855010133822, 0, 0, 0, 26.673780411984126, 0, 0, 0, 0, 0, 0, 0, 0, 0, 0]
X-n920-k207-s4.evrp;33;2773.0;19330610.81268933;567755.0731470074;482295.4336703003;[[1, 917, 64, 271, 784, 126, 396, 1], [1, 31, 291, 394, 9, 917, 917, 1], [1, 1], [1, 776, 666, 358, 716, 917, 1], [1, 187, 918, 375, 384, 682, 1], [1, 537, 541, 695, 786, 464, 918, 257, 1], [1, 52, 140, 1], [1, 382, 919, 645, 1], [1, 168, 469, 833, 317, 919, 318, 713, 1], [1, 491, 677, 919, 810, 482, 173, 1], [1, 877, 63, 719, 856, 122, 1], [1, 86, 174, 233, 416, 1], [1, 73, 529, 769, 778, 1], [1, 803, 916, 886, 829, 1], [1, 67, 601, 549, 773, 1], [1, 380, 540, 585, 476, 917, 1], [1, 455, 170, 71, 321, 753, 1], [1, 697, 346, 528, 356, 97, 340, 918, 1], [1, 900, 457, 339, 691, 446, 919, 1], [1, 752, 910, 248, 301, 260, 1], [1, 83, 70, 225, 587, 1], [1, 144, 177, 838, 252, 642, 1], [1, 392, 882, 655, 296, 772, 919, 490, 1], [1, 475, 441, 598, 717, 1], [1, 714, 510, 374, 918, 516, 1], [1, 390, 429, 367, 1], [1, 917, 906, 138, 589, 415, 1], [1, 75, 550, 509, 902, 1], [1, 798, 433, 58, 246, 675, 918, 1], [1, 424, 259, 270, 1], [1, 741, 221, 917, 1], [1, 33, 742, 348, 336, 690, 850, 1], [1, 152, 853, 447, 844, 1], [1, 427, 8, 744, 387, 562, 1], [1, 445, 814, 443, 919, 104, 213, 545, 1], [1, 421, 920, 322, 185, 423, 616, 82, 918, 14, 1], [1, 830, 226, 1], [1, 329, 425, 161, 854, 1], [1, 760, 160, 249, 919, 507, 729, 1], [1, 530, 25, 211, 417, 20, 917, 1], [1, 483, 896, 1], [1, 94, 917, 568, 610, 370, 480, 706, 634, 1], [1, 567, 65, 908, 1], [1, 671, 120, 204, 434, 414, 1], [1, 285, 605, 848, 30, 442, 1], [1, 884, 795, 91, 597, 534, 1], [1, 148, 658, 720, 263, 919, 705, 757, 1], [1, 1], [1, 21, 505, 638, 165, 1], [1, 461, 536, 37, 264, 407, 1], [1, 100, 216, 184, 218, 621, 1], [1, 664, 571, 332, 913, 917, 1], [1, 823, 793, 918, 331, 917, 1], [1, 276, 825, 582, 360, 919, 1], [1, 158, 115, 209, 1], [1, 191, 124, 409, 81, 525, 1], [1, 338, 867, 293, 812, 1], [1, 437, 788, 918, 563, 770, 354, 821, 1], [1, 406, 897, 54, 76, 95, 498, 918, 1], [1, 909, 721, 538, 202, 1], [1, 632, 667, 143, 917, 1], [1, 620, 661, 355, 195, 1], [1, 552, 835, 875, 919, 215, 402, 357, 1], [1, 290, 117, 805, 478, 1], [1, 560, 539, 192, 151, 919, 802, 625, 1], [1, 232, 53, 1], [1, 868, 460, 99, 113, 1], [1, 43, 275, 506, 119, 499, 637, 1], [1, 709, 479, 553, 292, 389, 919, 1], [1, 422, 718, 4, 791, 1], [1, 361, 565, 771, 508, 1], [1, 308, 566, 378, 454, 89, 1], [1, 888, 154, 650, 680, 245, 79, 520, 917, 1], [1, 175, 573, 372, 866, 51, 1], [1, 11, 311, 1], [1, 895, 208, 247, 239, 920, 1], [1, 16, 17, 818, 132, 74, 256, 917, 917, 917, 917, 1], [1, 156, 60, 519, 320, 316, 1], [1, 891, 405, 643, 880, 874, 917, 1], [1, 462, 781, 176, 203, 917, 1], [1, 774, 672, 40, 761, 797, 919, 1], [1, 102, 486, 503, 345, 56, 575, 918, 1], [1, 444, 766, 685, 163, 59, 1], [1, 131, 134, 463, 1], [1, 811, 840, 19, 676, 631, 57, 1], [1, 69, 116, 305, 1], [1, 547, 314, 841, 662, 740, 917, 1], [1, 609, 726, 470, 448, 768, 919, 1], [1, 524, 241, 458, 532, 1], [1, 388, 656, 1], [1, 366, 12, 224, 304, 1], [1, 171, 600, 577, 630, 1], [1, 381, 330, 283, 1], [1, 799, 130, 533, 596, 1], [1, 180, 297, 236, 272, 1], [1, 41, 242, 15, 889, 611, 1], [1, 755, 783, 186, 696, 1], [1, 467, 809, 413, 107, 1], [1, 743, 748, 918, 652, 917, 1], [1, 512, 286, 23, 917, 1], [1, 801, 570, 466, 1], [1, 453, 337, 435, 295, 395, 1], [1, 861, 851, 128, 181, 1], [1, 578, 44, 28, 917, 1], [1, 27, 238, 702, 919, 639, 1], [1, 883, 641, 1], [1, 118, 678, 2, 1], [1, 364, 183, 38, 837, 654, 1], [1, 111, 796, 353, 179, 917, 1], [1, 282, 398, 919, 694, 1], [1, 734, 843, 504, 919, 914, 517, 1], [1, 542, 426, 912, 712, 558, 918, 822, 1], [1, 492, 401, 432, 13, 294, 1], [1, 172, 418, 890, 663, 917, 1], [1, 266, 648, 733, 1], [1, 557, 804, 511, 730, 660, 1], [1, 87, 787, 359, 555, 657, 917, 1], [1, 379, 584, 84, 193, 1], [1, 273, 298, 839, 1], [1, 879, 855, 92, 828, 240, 234, 1], [1, 306, 859, 870, 284, 1], [1, 535, 746, 484, 858, 834, 919, 368, 1], [1, 7, 207, 919, 608, 471, 1], [1, 618, 710, 782, 1], [1, 845, 862, 237, 315, 640, 751, 1], [1, 46, 255, 373, 142, 885, 917, 1], [1, 917, 917, 590, 166, 515, 599, 904, 594, 393, 1], [1, 893, 268, 157, 289, 481, 1], [1, 863, 626, 633, 502, 688, 738, 135, 1], [1, 105, 548, 468, 735, 711, 408, 341, 274, 1], [1, 919, 80, 55, 210, 307, 918, 561, 1], [1, 88, 32, 277, 777, 404, 1], [1, 869, 765, 518, 1], [1, 42, 324, 403, 48, 1], [1, 628, 758, 325, 349, 206, 919, 919, 574, 1], [1, 919, 905, 613, 1], [1, 352, 790, 864, 919, 219, 1], [1, 674, 214, 428, 439, 155, 1], [1, 121, 907, 228, 873, 754, 18, 1], [1, 10, 527, 872, 576, 1], [1, 327, 920, 683, 98, 1], [1, 391, 129, 6, 919, 1], [1, 775, 745, 495, 371, 815, 917, 1], [1, 243, 231, 200, 917, 1], [1, 500, 22, 860, 604, 369, 919, 1], [1, 871, 431, 813, 365, 627, 1], [1, 918, 808, 849, 125, 299, 1], [1, 715, 436, 230, 592, 103, 607, 1], [1, 146, 39, 673, 258, 1], [1, 764, 114, 133, 419, 303, 198, 1], [1, 649, 459, 310, 920, 190, 68, 29, 1], [1, 90, 564, 334, 629, 194, 1], [1, 727, 350, 212, 313, 1], [1, 335, 26, 494, 229, 918, 1], [1, 342, 619, 679, 300, 543, 1], [1, 101, 603, 309, 489, 497, 1], [1, 487, 725, 617, 767, 878, 376, 347, 917, 1], [1, 546, 287, 911, 918, 898, 1], [1, 205, 411, 438, 581, 615, 253, 139, 919, 1], [1, 749, 110, 49, 1], [1, 826, 397, 400, 182, 918, 1], [1, 704, 612, 501, 267, 164, 45, 614, 918, 1], [1, 188, 722, 852, 196, 919, 646, 1], [1, 522, 167, 244, 556, 750, 1], [1, 794, 681, 420, 279, 377, 917, 1], [1, 137, 452, 150, 1], [1, 440, 50, 708, 635, 819, 1], [1, 363, 847, 693, 62, 687, 865, 918, 1], [1, 36, 485, 703, 736, 386, 1], [1, 919, 149, 344, 496, 624, 1], [1, 72, 686, 580, 606, 842, 477, 1], [1, 807, 588, 762, 1], [1, 223, 899, 34, 1], [1, 123, 572, 251, 66, 1], [1, 918, 903, 622, 569, 412, 1], [1, 651, 659, 343, 700, 737, 1], [1, 759, 47, 881, 731, 280, 1], [1, 739, 531, 472, 109, 261, 602, 1], [1, 644, 93, 136, 1], [1, 747, 827, 554, 302, 623, 197, 919, 1], [1, 817, 857, 917, 1], [1, 278, 281, 919, 593, 328, 1], [1, 917, 526, 35, 222, 836, 106, 1], [1, 831, 732, 178, 3, 1], [1, 670, 521, 227, 636, 806, 1], [1, 846, 919, 399, 220, 724, 449, 1], [1, 792, 85, 319, 312, 1], [1, 780, 915, 689, 1], [1, 918, 250, 894, 430, 1], [1, 514, 901, 789, 473, 544, 1], [1, 779, 668, 127, 333, 383, 385, 917, 1], [1, 153, 583, 451, 108, 800, 523, 917, 1], [1, 832, 351, 707, 410, 917, 1], [1, 465, 579, 919, 362, 1], [1, 112, 145, 159, 1], [1, 147, 141, 24, 326, 653, 474, 61, 917, 1], [1, 96, 262, 78, 1], [1, 917, 917, 723, 701, 450, 728, 1], [1, 323, 493, 785, 816, 892, 559, 591, 824, 698, 1], [1, 456, 199, 5, 756, 595, 917, 917, 1], [1, 551, 189, 918, 763, 684, 692, 235, 1], [1, 919, 269, 1], [1, 669, 699, 488, 288, 1], [1, 665, 1], [1, 586, 162, 201, 917, 1], [1, 265, 77, 254, 647, 876, 1], [1, 820, 513, 217, 169, 887, 917, 1]];[36, 33, 0, 25, 27, 40, 13, 19, 53, 31, 36, 31, 28, 32, 31, 27, 44, 41, 39, 35, 35, 36, 47, 26, 26, 26, 29, 31, 32, 23, 17, 34, 35, 37, 48, 49, 15, 31, 36, 40, 20, 52, 24, 37, 29, 43, 46, 0, 33, 40, 45, 25, 22, 29, 24, 30, 28, 42, 45, 28, 28, 38, 44, 33, 36, 18, 28, 41, 37, 33, 29, 39, 51, 41, 18, 29, 49, 39, 45, 30, 32, 42, 37, 22, 43, 27, 39, 40, 25, 17, 32, 29, 25, 34, 28, 35, 30, 36, 29, 20, 26, 39, 31, 23, 26, 14, 20, 40, 24, 21, 41, 43, 41, 32, 23, 41, 36, 33, 24, 50, 36, 43, 34, 24, 39, 38, 53, 39, 50, 61, 36, 41, 19, 32, 40, 17, 31, 47, 37, 29, 23, 24, 37, 26, 37, 35, 28, 40, 28, 50, 45, 37, 30, 31, 33, 39, 53, 34, 44, 20, 28, 44, 32, 42, 36, 25, 34, 37, 35, 28, 43, 17, 20, 33, 30, 41, 38, 34, 26, 48, 16, 34, 35, 28, 35, 46, 28, 22, 22, 39, 35, 36, 31, 22, 20, 53, 19, 26, 63, 36, 46, 7, 27, 8, 25, 39, 35];[3, 0, 0, 0, 0, 7, 0, 0, 20, 0, 3, 0, 0, 0, 0, 0, 11, 8, 6, 2, 2, 3, 14, 0, 0, 0, 0, 0, 0, 0, 0, 1, 2, 4, 15, 16, 0, 0, 3, 7, 0, 19, 0, 4, 0, 10, 13, 0, 0, 7, 12, 0, 0, 0, 0, 0, 0, 9, 12, 0, 0, 5, 11, 0, 3, 0, 0, 8, 4, 0, 0, 6, 18, 8, 0, 0, 16, 6, 12, 0, 0, 9, 4, 0, 10, 0, 6, 7, 0, 0, 0, 0, 0, 1, 0, 2, 0, 3, 0, 0, 0, 6, 0, 0, 0, 0, 0, 7, 0, 0, 8, 10, 8, 0, 0, 8, 3, 0, 0, 17, 3, 10, 1, 0, 6, 5, 20, 6, 17, 28, 3, 8, 0, 0, 7, 0, 0, 14, 4, 0, 0, 0, 4, 0, 4, 2, 0, 7, 0, 17, 12, 4, 0, 0, 0, 6, 20, 1, 11, 0, 0, 11, 0, 9, 3, 0, 1, 4, 2, 0, 10, 0, 0, 0, 0, 8, 5, 1, 0, 15, 0, 1, 2, 0, 2, 13, 0, 0, 0, 6, 2, 3, 0, 0, 0, 20, 0, 0, 30, 3, 13, 0, 0, 0, 0, 6, 2];[1, 2, 0, 1, 1, 1, 0, 1, 1, 1, 0, 0, 0, 0, 0, 1, 0, 1, 1, 0, 0, 0, 1, 0, 1, 0, 1, 0, 1, 0, 1, 0, 0, 0, 1, 2, 0, 0, 1, 1, 0, 1, 0, 0, 0, 0, 1, 0, 0, 0, 0, 1, 2, 1, 0, 0, 0, 1, 1, 0, 1, 0, 1, 0, 1, 0, 0, 0, 1, 0, 0, 0, 1, 0, 0, 1, 4, 0, 1, 1, 1, 1, 0, 0, 0, 0, 1, 1, 0, 0, 0, 0, 0, 0, 0, 0, 0, 0, 2, 1, 0, 0, 0, 1, 1, 0, 0, 0, 1, 1, 1, 1, 0, 1, 0, 0, 1, 0, 0, 0, 0, 1, 1, 0, 0, 1, 2, 0, 0, 0, 2, 0, 0, 0, 2, 1, 1, 0, 0, 0, 1, 1, 1, 1, 1, 0, 1, 0, 0, 0, 1, 0, 0, 1, 0, 0, 1, 1, 1, 0, 1, 1, 1, 0, 1, 0, 0, 1, 0, 1, 0, 0, 0, 0, 1, 0, 0, 0, 0, 1, 1, 1, 1, 0, 0, 1, 0, 0, 1, 0, 1, 1, 1, 1, 0, 1, 0, 2, 0, 2, 1, 1, 0, 0, 1, 0, 1];[1971.183029763692, 2631.2968126192036, 0.0, 1935.2689863578078, 3015.072209485465, 3124.2986202447564, 923.3040400660041, 2387.183109826103, 3051.742773300654, 2034.2900518401084, 2543.587986805362, 2649.864659599206, 1831.0156145535611, 2320.209266238013, 1838.439968992554, 2197.1313758546958, 2702.368056426622, 3176.478508391786, 2147.4769921515476, 1802.1865000278196, 1885.5659914628516, 2204.225786339592, 3137.4868803959534, 1803.1633154082058, 2721.816790210711, 2359.001068286186, 1403.1522850487545, 1975.5127540233834, 3179.321720642538, 1772.7896390785593, 2663.486358146087, 2085.2106100749893, 2121.3509901694106, 2566.706680729272, 2702.409867650442, 3445.2025971302364, 1919.5668236568154, 2480.616349704502, 3131.905951410891, 2693.269726908518, 951.4486250824357, 2575.509861292957, 1771.165819616399, 1571.594865299321, 2316.245725508725, 2251.0646297972467, 3060.8974652729407, 0.0, 2534.849178692871, 2372.0186536349865, 2838.2972450460275, 2947.4309659175037, 2177.7405876970797, 2606.800249095088, 573.3977491348893, 2812.030406620608, 1962.4863434168487, 3561.781422121924, 3343.7356681550436, 1468.336203118747, 2387.2590651761757, 2113.7545054544576, 2638.266519217743, 2688.4224350534882, 3218.987781781625, 1922.7886435131254, 2491.22035563404, 2334.3309735112643, 3185.3707248635687, 2538.842275426947, 1826.3657147290744, 1990.3021583350749, 2986.990662536846, 1920.5900920928232, 1841.6481492769235, 2989.1818548121746, 2720.9405452556343, 2368.3026384382024, 2156.5783886492313, 2826.3179904533877, 3195.7986949893175, 3431.051345650708, 2146.276732511921, 1985.745956782956, 2361.9636267626097, 2038.1627278594171, 2141.6511059930717, 3070.431246988245, 1921.8311898769225, 2142.0869034174557, 2675.888787682946, 1199.2382879381519, 2272.5666232619246, 2348.058784970205, 2036.2098233708969, 1966.6443199429687, 1826.4042864532007, 1956.255356779149, 2238.4905608796244, 2146.4214928060305, 1764.4011821101872, 2550.5206496772043, 2001.9832015091122, 2374.60357114806, 3221.608557735395, 1834.9519185997433, 1433.719755730219, 2179.9312199419705, 2050.3843137230842, 2449.854235499166, 2675.561924561379, 3140.0564351766216, 2415.8644934868153, 2382.438233020202, 2103.8450500863764, 2025.6827019612683, 2794.078385726764, 1994.627169356288, 1786.1912511212454, 1879.7332650882781, 2224.62178808065, 3203.4756003736925, 2625.0571568618725, 2058.706366279772, 1796.7770280998682, 3052.961078871617, 2949.823116607326, 2399.0108406401314, 1926.0427079333472, 2215.6174646275012, 3124.3777670105464, 2242.982478652889, 2016.6334942476665, 2003.1972365627262, 2709.4618798637935, 2039.4137727567443, 2660.2735999891406, 2591.736870718451, 2139.1575911059163, 2027.790489495952, 2798.9324570201175, 1872.0067766619118, 3226.3461457610865, 2786.137071663371, 2657.8126409829224, 1649.8526467477159, 2114.5891877147424, 2384.084360728449, 2080.5714101086346, 2760.1379742280787, 3135.373570346118, 2111.4865334008728, 2646.2820263746353, 2720.5560593907494, 2321.966454158697, 2549.8808902075425, 3081.611560957695, 3152.66210237624, 3349.701451464941, 1717.8571804686944, 2605.8076708079134, 3532.0041412702167, 2478.8847274028412, 2372.4526532171394, 2929.896916245285, 2450.07601251154, 1773.8242717866938, 3151.609819622503, 1988.115646204974, 2882.0416101986834, 2643.72856199947, 1400.153969305343, 1406.294677003735, 2186.6103493646783, 2100.6931044402136, 2271.593226770707, 2233.3386143761713, 2216.4053038374705, 1952.9369447467438, 3327.45797158623, 1435.9643320652413, 2845.057951883027, 3054.9421050336423, 1339.1599288311488, 1708.912027276119, 3217.956405799423, 1854.3458046157107, 2012.5012237301457, 2964.1274895794177, 2191.4316592920777, 2474.673956047308, 3007.6762798440077, 1848.3389190951766, 1573.4030671690155, 1501.781797421693, 2864.794532001867, 1858.3101801455614, 1305.427642036995, 2453.823093545247, 3038.394388226719, 2785.0418607956167, 1468.0873526735793, 2241.8348227795746, 1884.320567207183, 1626.4382363281147, 2231.6799856038906, 2939.445781098431];[0, 0, 0, 0, 0, 0, 0, 0, 0, 0, 0, 0, 0, 0, 0, 0, 0, 0, 0, 0, 0, 0, 0, 0, 0, 0, 0, 0, 0, 0, 0, 0, 0, 0, 0, 0, 0, 0, 0, 0, 0, 0, 0, 0, 0, 0, 0, 0, 0, 0, 65.29724504602746, 0, 0, 0, 0, 39.03040662060812, 0, 0, 0, 0, 0, 0, 0, 0, 0, 0, 0, 0, 0, 0, 0, 0, 0, 0, 0, 0, 0, 0, 0, 0, 0, 0, 0, 0, 0, 0, 0, 0, 0, 0, 0, 0, 0, 0, 0, 0, 0, 0, 0, 0, 0, 0, 0, 0, 0, 0, 0, 0, 0, 0, 0, 0, 0, 0, 0, 0, 0, 0, 0, 0, 0, 0, 0, 0, 0, 0, 0, 0, 0, 0, 0, 0, 0, 0, 0, 0, 0, 0, 0, 0, 0, 0, 107.45454424407944, 0, 0, 0, 0, 0, 0, 0, 0, 0, 0, 0, 0, 0, 0, 0, 0, 0, 0, 0, 0, 0, 0, 0, 0, 0, 0, 0, 0, 0, 0, 0, 0, 0, 0, 0, 0, 0, 0, 0, 0, 0, 0, 0, 0, 0, 0, 0, 0, 0, 0, 0, 0, 0, 0, 0, 0, 0, 0, 0, 0, 0, 0, 0, 0]
X-n1006-k43-s5.evrp;131;2536.0;7402125.00200515;195719.5319220481;184727.0047478332;[[1, 188, 827, 810, 993, 587, 642, 825, 270, 252, 334, 815, 1005, 119, 210, 718, 338, 195, 461, 812, 733, 223, 343, 535, 689, 596, 529, 492, 42, 502, 488, 1004, 935, 965, 1], [1, 45, 69, 555, 242, 903, 586, 460, 109, 211, 160, 1005, 402, 893, 899, 291, 752, 271, 68, 369, 478, 293, 155, 934, 423, 150, 919, 807, 558, 904, 1], [1, 523, 445, 64, 463, 312, 366, 251, 450, 610, 314, 872, 860, 1005, 878, 277, 162, 34, 948, 41, 615, 789, 121, 633, 516, 1], [1, 238, 620, 425, 368, 787, 203, 758, 867, 568, 38, 797, 1006, 717, 968, 792, 974, 762, 671, 549, 444, 257, 546, 352, 706, 590, 268, 1003, 649, 299, 408, 322, 769, 1], [1, 740, 176, 17, 697, 515, 429, 526, 436, 611, 836, 498, 1006, 628, 139, 494, 844, 464, 158, 957, 871, 111, 1], [1, 985, 453, 284, 468, 184, 937, 316, 489, 193, 66, 941, 716, 339, 194, 315, 683, 394, 84, 1005, 217, 672, 220, 838, 413, 412, 636, 326, 803, 105, 1], [1, 235, 199, 361, 759, 345, 440, 18, 79, 153, 1006, 421, 680, 227, 218, 318, 443, 779, 239, 491, 958, 46, 32, 133, 1], [1, 470, 639, 415, 208, 631, 482, 265, 48, 911, 269, 497, 1005, 328, 190, 927, 678, 61, 907, 304, 846, 94, 572, 845, 936, 1], [1, 355, 901, 939, 207, 816, 977, 544, 528, 416, 132, 1005, 214, 509, 398, 594, 882, 2, 224, 15, 130, 365, 29, 93, 1002, 877, 1], [1, 793, 212, 806, 662, 126, 588, 766, 376, 201, 634, 786, 626, 1005, 796, 127, 613, 522, 531, 122, 433, 923, 742, 382, 912, 650, 856, 264, 832, 85, 113, 97, 817, 1], [1, 321, 173, 28, 417, 465, 954, 946, 983, 466, 71, 477, 690, 992, 978, 987, 1005, 557, 780, 250, 918, 101, 682, 266, 656, 548, 16, 539, 837, 1], [1, 490, 696, 35, 712, 479, 731, 138, 701, 750, 757, 630, 1005, 422, 855, 106, 216, 149, 308, 75, 1], [1, 169, 329, 890, 181, 824, 530, 179, 986, 273, 381, 521, 1005, 309, 829, 475, 229, 474, 350, 881, 1003, 456, 869, 920, 43, 49, 699, 659, 1], [1, 756, 917, 888, 183, 393, 263, 739, 834, 997, 670, 1005, 996, 719, 963, 419, 821, 573, 694, 90, 403, 81, 486, 724, 1], [1, 395, 136, 289, 37, 156, 647, 349, 128, 892, 384, 1005, 646, 426, 926, 1001, 118, 969, 12, 802, 1], [1, 755, 660, 950, 385, 256, 11, 341, 476, 388, 952, 705, 1000, 33, 1005, 778, 182, 781, 559, 404, 625, 519, 87, 362, 644, 204, 1], [1, 370, 367, 255, 342, 622, 4, 668, 253, 226, 722, 1005, 129, 487, 676, 924, 984, 495, 23, 298, 651, 736, 261, 19, 1], [1, 336, 909, 231, 56, 657, 86, 898, 540, 865, 783, 908, 371, 667, 1005, 577, 39, 24, 172, 763, 863, 721, 840, 661, 820, 1], [1, 612, 373, 999, 775, 202, 748, 258, 58, 462, 554, 747, 390, 483, 47, 7, 1005, 287, 773, 604, 914, 563, 723, 221, 215, 506, 1], [1, 828, 580, 975, 134, 262, 753, 379, 669, 966, 1005, 692, 599, 570, 325, 3, 782, 801, 89, 943, 945, 151, 13, 979, 409, 1], [1, 168, 143, 777, 560, 621, 100, 141, 267, 290, 281, 500, 1003, 117, 513, 80, 576, 159, 197, 691, 275, 99, 795, 317, 1002, 1], [1, 864, 161, 629, 951, 424, 82, 648, 354, 673, 518, 1005, 31, 870, 894, 814, 800, 618, 761, 771, 348, 246, 1], [1, 684, 643, 358, 606, 524, 862, 278, 53, 303, 889, 1005, 389, 830, 962, 998, 547, 980, 575, 982, 607, 868, 956, 737, 1], [1, 434, 95, 347, 294, 591, 595, 614, 542, 988, 854, 745, 857, 259, 148, 1006, 357, 760, 543, 608, 485, 743, 533, 663, 665, 1], [1, 232, 571, 72, 709, 115, 103, 564, 76, 1005, 96, 961, 452, 848, 835, 624, 438, 473, 430, 654, 774, 493, 26, 241, 346, 566, 989, 1], [1, 178, 826, 283, 638, 191, 933, 710, 713, 565, 504, 764, 163, 551, 861, 770, 1006, 372, 884, 20, 944, 57, 144, 602, 1], [1, 681, 124, 873, 714, 377, 400, 206, 164, 380, 248, 174, 887, 1005, 324, 843, 960, 915, 25, 930, 30, 906, 916, 784, 538, 508, 1], [1, 9, 108, 364, 374, 8, 640, 447, 561, 435, 67, 427, 332, 896, 1005, 51, 850, 98, 842, 852, 110, 205, 274, 732, 664, 583, 928, 280, 295, 562, 1004, 301, 1], [1, 285, 446, 677, 859, 305, 448, 567, 990, 1005, 655, 5, 811, 921, 886, 219, 222, 189, 104, 432, 1004, 125, 192, 112, 791, 653, 59, 146, 351, 1], [1, 922, 790, 353, 772, 726, 330, 520, 808, 891, 686, 501, 213, 107, 1005, 406, 228, 401, 437, 833, 885, 597, 249, 605, 970, 973, 853, 1], [1, 454, 875, 641, 746, 359, 431, 617, 240, 619, 167, 632, 765, 1006, 964, 73, 375, 63, 735, 187, 703, 767, 959, 1], [1, 22, 955, 738, 584, 995, 391, 198, 356, 1004, 123, 131, 609, 297, 730, 272, 585, 897, 675, 623, 818, 142, 525, 823, 1], [1, 333, 279, 360, 925, 693, 40, 387, 1004, 154, 319, 574, 185, 337, 467, 27, 822, 428, 785, 458, 1], [1, 237, 938, 344, 532, 851, 569, 553, 666, 383, 947, 196, 592, 114, 1005, 455, 798, 44, 247, 794, 276, 296, 209, 971, 457, 331, 1004, 116, 1], [1, 102, 335, 52, 363, 581, 77, 744, 556, 1005, 396, 728, 813, 831, 537, 411, 658, 527, 499, 804, 931, 1], [1, 725, 981, 441, 976, 698, 687, 245, 288, 972, 1005, 902, 92, 54, 593, 6, 175, 36, 260, 165, 378, 120, 14, 874, 1], [1, 244, 414, 883, 734, 929, 420, 910, 74, 70, 157, 327, 788, 234, 799, 1005, 472, 60, 243, 720, 900, 776, 711, 768, 534, 932, 749, 1], [1, 418, 942, 399, 751, 459, 340, 879, 320, 170, 505, 913, 1005, 405, 88, 145, 166, 480, 503, 302, 1], [1, 180, 695, 507, 78, 171, 849, 236, 1006, 310, 449, 582, 300, 233, 858, 700, 674, 62, 704, 741, 410, 323, 1], [1, 866, 601, 550, 847, 517, 177, 392, 727, 552, 137, 282, 55, 1005, 880, 481, 707, 306, 471, 839, 286, 905, 140, 805, 1], [1, 819, 496, 702, 311, 940, 254, 616, 225, 637, 949, 200, 1004, 307, 397, 600, 545, 21, 578, 91, 679, 645, 50, 1003, 589, 1], [1, 754, 895, 469, 511, 598, 386, 512, 688, 292, 313, 967, 442, 1003, 953, 841, 510, 579, 83, 991, 603, 514, 627, 230, 536, 65, 147, 484, 152, 541, 1], [1, 876, 994, 708, 729, 451, 439, 186, 685, 1006, 652, 715, 135, 809, 407, 635, 10, 1]];[157, 129, 151, 157, 117, 132, 139, 142, 122, 128, 138, 128, 115, 119, 91, 132, 144, 143, 133, 119, 120, 133, 137, 147, 131, 141, 128, 145, 145, 131, 125, 120, 111, 142, 118, 129, 128, 104, 121, 129, 130, 143, 63];[26, 0, 20, 26, 0, 1, 8, 11, 0, 0, 7, 0, 0, 0, 0, 1, 13, 12, 2, 0, 0, 2, 6, 16, 0, 10, 0, 14, 14, 0, 0, 0, 0, 11, 0, 0, 0, 0, 0, 0, 0, 12, 0];[2, 1, 1, 2, 1, 1, 1, 1, 2, 1, 1, 1, 2, 1, 1, 1, 1, 1, 1, 1, 2, 1, 1, 1, 1, 1, 1, 2, 2, 1, 1, 1, 1, 2, 1, 1, 1, 1, 1, 1, 2, 1, 1];[5066.648424684897, 4350.840276489759, 4530.963873435212, 4767.214650485279, 3280.868659485733, 4483.2980046841885, 4258.351330546506, 3896.6867719241955, 4540.634664050362, 4657.137288465188, 4126.918631089916, 3882.8761245513683, 3958.5220791970673, 4083.483591366588, 4167.657744146461, 4628.974804105849, 4405.223176333453, 4315.183688146504, 4071.0564933798587, 4406.70717228686, 4929.79442713454, 4320.035337998762, 4005.1458190994917, 3994.7713232845813, 4053.9358369406273, 4020.742810736297, 3931.6487095150715, 5168.786950097014, 4692.572224282343, 4618.96370067657, 3970.0583596116226, 4185.810009070343, 4297.796692436548, 5129.013842042012, 4343.343517974492, 4688.488900569442, 3826.590606331831, 3689.3042543349766, 4173.372748358154, 4268.890349426794, 4423.795867256957, 4634.097260688957, 3480.797751110468];[52.87475080188824, 0, 0, 0, 0, 27.963694057641078, 0, 0, 0, 0, 0, 0, 0, 0, 0, 0, 0, 0, 0, 0, 0, 0, 0, 0, 0, 0, 0, 71.32195820115567, 0, 0, 0, 0, 0, 0, 0, 0, 0, 0, 0, 0, 0, 0, 0]
